customer_id,Recency,Frequency,Monetary_CLV,Avg_Order_Value,Total_Quantity,Avg_Quantity,Customer_Lifespan,Discount_Usage_Rate,R_Score,F_Score,M_Score,RFM_Total_Score,RFM_Code,RFM_Level,ML_Cluster
CUST00130,1037,1,5.659999847412109,5.659999847412109,1,1.0,0,1.0,1,1,1,3,111,Low Value,0
CUST00273,198,1,9.449999809265137,9.449999809265137,1,1.0,0,1.0,4,4,1,9,441,Medium Value,0
CUST02405,366,1,9.770000457763672,9.770000457763672,1,1.0,0,1.0,4,3,1,8,431,Low Value,0
CUST00785,1013,1,11.130000114440918,11.130000114440918,1,1.0,0,1.0,1,1,1,3,111,Low Value,0
CUST02004,479,1,12.539999961853027,12.539999961853027,2,2.0,0,1.0,3,3,1,7,331,Low Value,0
CUST01820,18,1,13.15999984741211,13.15999984741211,2,2.0,0,1.0,5,4,1,10,541,Medium Value,0
CUST02429,188,1,15.899999618530273,15.899999618530273,2,2.0,0,1.0,4,4,1,9,441,Medium Value,0
CUST00179,475,1,17.68000030517578,17.68000030517578,2,2.0,0,1.0,3,3,1,7,331,Low Value,0
CUST00043,387,1,18.200000762939453,18.200000762939453,2,2.0,0,1.0,3,3,1,7,331,Low Value,0
CUST02886,543,1,20.799999237060547,20.799999237060547,4,4.0,0,1.0,3,3,1,7,331,Low Value,0
CUST01070,366,1,22.040000915527344,22.040000915527344,1,1.0,0,1.0,4,3,1,8,431,Low Value,0
CUST01225,685,1,22.469999313354492,22.469999313354492,3,3.0,0,1.0,2,2,1,5,221,Low Value,0
CUST03011,420,1,22.760000228881836,22.760000228881836,1,1.0,0,1.0,3,3,1,7,331,Low Value,0
CUST01234,538,1,25.540000915527344,25.540000915527344,2,2.0,0,1.0,3,3,1,7,331,Low Value,0
CUST02803,1005,1,27.860000610351562,27.860000610351562,2,2.0,0,1.0,1,2,1,4,121,Low Value,0
CUST02479,477,1,27.920000076293945,27.920000076293945,4,4.0,0,1.0,3,3,1,7,331,Low Value,0
CUST01556,824,1,28.799999237060547,28.799999237060547,5,5.0,0,1.0,2,2,1,5,221,Low Value,0
CUST00098,555,1,31.729999542236328,31.729999542236328,1,1.0,0,1.0,3,2,1,6,321,Low Value,0
CUST02508,772,1,32.4900016784668,32.4900016784668,1,1.0,0,1.0,2,2,1,5,221,Low Value,0
CUST02995,420,1,34.470001220703125,34.470001220703125,3,3.0,0,1.0,3,3,1,7,331,Low Value,0
CUST03023,69,1,34.63999938964844,34.63999938964844,2,2.0,0,1.0,5,4,1,10,541,Medium Value,0
CUST01714,18,1,38.68000030517578,38.68000030517578,4,4.0,0,1.0,5,4,1,10,541,Medium Value,0
CUST01034,165,1,38.91999816894531,38.91999816894531,7,7.0,0,1.0,5,4,1,10,541,Medium Value,0
CUST01316,640,1,41.36000061035156,41.36000061035156,4,4.0,0,1.0,2,2,1,5,221,Low Value,0
CUST01172,1074,1,42.060001373291016,42.060001373291016,1,1.0,0,1.0,1,1,1,3,111,Low Value,0
CUST00538,193,1,42.18000030517578,42.18000030517578,1,1.0,0,1.0,4,4,1,9,441,Medium Value,0
CUST01438,528,1,44.380001068115234,44.380001068115234,1,1.0,0,1.0,3,3,1,7,331,Low Value,0
CUST00406,101,1,45.939998626708984,45.939998626708984,2,2.0,0,1.0,5,4,1,10,541,Medium Value,0
CUST00336,498,1,46.09000015258789,46.09000015258789,1,1.0,0,1.0,3,3,1,7,331,Low Value,0
CUST01715,743,1,46.369998931884766,46.369998931884766,1,1.0,0,1.0,2,2,1,5,221,Low Value,0
CUST02741,647,1,47.349998474121094,47.349998474121094,1,1.0,0,1.0,2,2,1,5,221,Low Value,0
CUST01267,1057,1,49.470001220703125,49.470001220703125,3,3.0,0,1.0,1,1,1,3,111,Low Value,0
CUST01607,952,1,49.93000030517578,49.93000030517578,1,1.0,0,1.0,1,1,1,3,111,Low Value,0
CUST02558,979,1,50.650001525878906,50.650001525878906,1,1.0,0,1.0,1,1,1,3,111,Low Value,0
CUST00936,35,1,52.560001373291016,52.560001373291016,4,4.0,0,1.0,5,4,1,10,541,Medium Value,0
CUST00011,568,1,53.380001068115234,53.380001068115234,2,2.0,0,1.0,3,3,1,7,331,Low Value,0
CUST00013,570,1,53.79999923706055,53.79999923706055,5,5.0,0,1.0,3,2,1,6,321,Low Value,0
CUST01684,1046,1,53.83000183105469,53.83000183105469,7,7.0,0,1.0,1,1,1,3,111,Low Value,0
CUST02686,508,1,54.41999816894531,54.41999816894531,3,3.0,0,1.0,3,3,1,7,331,Low Value,0
CUST02212,163,1,54.599998474121094,54.599998474121094,10,10.0,0,1.0,5,4,1,10,541,Medium Value,1
CUST00241,150,1,55.369998931884766,55.369998931884766,7,7.0,0,1.0,5,4,1,10,541,Medium Value,0
CUST01180,167,1,55.68000030517578,55.68000030517578,3,3.0,0,1.0,5,4,1,10,541,Medium Value,0
CUST01353,1034,1,56.52000045776367,56.52000045776367,4,4.0,0,1.0,1,1,1,3,111,Low Value,0
CUST02415,300,1,58.06999969482422,58.06999969482422,1,1.0,0,1.0,4,3,1,8,431,Low Value,0
CUST02973,160,1,59.709999084472656,59.709999084472656,1,1.0,0,1.0,5,4,1,10,541,Medium Value,0
CUST01695,122,1,60.2400016784668,60.2400016784668,6,6.0,0,1.0,5,4,1,10,541,Medium Value,0
CUST02065,682,1,61.54999923706055,61.54999923706055,1,1.0,0,1.0,2,2,1,5,221,Low Value,0
CUST01931,340,1,62.7400016784668,62.7400016784668,1,1.0,0,1.0,4,3,1,8,431,Low Value,0
CUST00976,40,1,62.779998779296875,62.779998779296875,1,1.0,0,1.0,5,4,1,10,541,Medium Value,0
CUST00133,276,1,63.18000030517578,63.18000030517578,3,3.0,0,1.0,4,4,1,9,441,Medium Value,0
CUST02220,325,1,64.19999694824219,64.19999694824219,4,4.0,0,1.0,4,3,1,8,431,Low Value,0
CUST03116,451,1,64.5999984741211,64.5999984741211,2,2.0,0,1.0,3,3,1,7,331,Low Value,0
CUST02152,656,1,64.8499984741211,64.8499984741211,5,5.0,0,1.0,2,2,1,5,221,Low Value,0
CUST00692,1076,1,66.0199966430664,66.0199966430664,1,1.0,0,1.0,1,1,1,3,111,Low Value,0
CUST01418,124,1,67.2300033569336,67.2300033569336,3,3.0,0,1.0,5,4,1,10,541,Medium Value,0
CUST00468,855,1,68.94999694824219,68.94999694824219,7,7.0,0,1.0,1,1,1,3,111,Low Value,0
CUST03234,239,1,69.27999877929688,69.27999877929688,4,4.0,0,1.0,4,4,1,9,441,Medium Value,0
CUST03201,763,1,69.33000183105469,69.33000183105469,1,1.0,0,1.0,2,2,1,5,221,Low Value,0
CUST02512,384,1,70.0,70.0,7,7.0,0,1.0,3,3,1,7,331,Low Value,0
CUST00788,151,1,70.30000305175781,70.30000305175781,2,2.0,0,1.0,5,4,1,10,541,Medium Value,0
CUST02801,843,1,71.16999816894531,71.16999816894531,1,1.0,0,1.0,2,1,1,4,211,Low Value,0
CUST01377,844,1,74.38999938964844,74.38999938964844,1,1.0,0,1.0,2,1,1,4,211,Low Value,0
CUST03062,785,1,74.98999786376953,74.98999786376953,1,1.0,0,1.0,2,2,1,5,221,Low Value,0
CUST01665,753,1,77.63999938964844,77.63999938964844,1,1.0,0,1.0,2,2,1,5,221,Low Value,0
CUST02788,341,1,79.08000183105469,79.08000183105469,1,1.0,0,1.0,4,3,1,8,431,Low Value,0
CUST01498,548,1,79.1500015258789,79.1500015258789,1,1.0,0,1.0,3,3,1,7,331,Low Value,0
CUST00116,40,1,79.91999816894531,79.91999816894531,12,12.0,0,1.0,5,4,1,10,541,Medium Value,1
CUST00492,139,1,80.44000244140625,80.44000244140625,2,2.0,0,1.0,5,4,1,10,541,Medium Value,0
CUST01197,208,1,80.8499984741211,80.8499984741211,11,11.0,0,1.0,4,4,1,9,441,Medium Value,1
CUST00904,369,1,81.41000366210938,81.41000366210938,7,7.0,0,1.0,4,3,1,8,431,Low Value,0
CUST00446,725,1,81.44000244140625,81.44000244140625,4,4.0,0,1.0,2,2,1,5,221,Low Value,0
CUST03003,232,1,82.0199966430664,82.0199966430664,3,3.0,0,1.0,4,4,1,9,441,Medium Value,0
CUST02011,539,1,83.37000274658203,83.37000274658203,3,3.0,0,1.0,3,3,1,7,331,Low Value,0
CUST01877,623,1,83.79000091552734,83.79000091552734,7,7.0,0,1.0,2,2,1,5,221,Low Value,0
CUST02039,362,1,83.91000366210938,83.91000366210938,3,3.0,0,1.0,4,3,1,8,431,Low Value,0
CUST00518,553,1,84.08000183105469,84.08000183105469,1,1.0,0,1.0,3,3,1,7,331,Low Value,0
CUST01299,339,1,85.6500015258789,85.6500015258789,1,1.0,0,1.0,4,3,1,8,431,Low Value,0
CUST01330,575,1,85.76000213623047,85.76000213623047,1,1.0,0,1.0,3,2,1,6,321,Low Value,0
CUST01653,759,1,86.23999786376953,86.23999786376953,8,8.0,0,1.0,2,2,1,5,221,Low Value,1
CUST01493,784,1,87.72000122070312,87.72000122070312,6,6.0,0,1.0,2,2,1,5,221,Low Value,0
CUST01531,54,1,88.51000213623047,88.51000213623047,1,1.0,0,1.0,5,4,1,10,541,Medium Value,0
CUST01844,467,1,89.29000091552734,89.29000091552734,1,1.0,0,1.0,3,3,1,7,331,Low Value,0
CUST02073,349,1,91.3499984741211,91.3499984741211,7,7.0,0,1.0,4,3,1,8,431,Low Value,0
CUST02278,707,1,91.63999938964844,91.63999938964844,1,1.0,0,1.0,2,2,1,5,221,Low Value,0
CUST01200,999,1,92.23999786376953,92.23999786376953,1,1.0,0,1.0,1,1,1,3,111,Low Value,0
CUST02678,576,1,92.33000183105469,92.33000183105469,1,1.0,0,1.0,3,2,1,6,321,Low Value,0
CUST00475,863,1,94.45999908447266,94.45999908447266,1,1.0,0,1.0,1,1,1,3,111,Low Value,0
CUST00682,400,1,95.33999633789062,95.33999633789062,7,7.0,0,1.0,3,3,1,7,331,Low Value,0
CUST01219,987,1,95.55000305175781,95.55000305175781,15,15.0,0,1.0,1,1,1,3,111,Low Value,1
CUST00569,616,1,95.55999755859375,95.55999755859375,1,1.0,0,1.0,2,2,1,5,221,Low Value,0
CUST00033,716,1,96.29000091552734,96.29000091552734,1,1.0,0,1.0,2,2,1,5,221,Low Value,0
CUST01027,837,1,98.16000366210938,98.16000366210938,6,6.0,0,1.0,2,2,1,5,221,Low Value,0
CUST01718,338,1,100.98999786376953,100.98999786376953,1,1.0,0,1.0,4,3,1,8,431,Low Value,0
CUST02949,470,1,101.44000244140625,101.44000244140625,8,8.0,0,1.0,3,3,1,7,331,Low Value,0
CUST00443,730,1,101.63999938964844,101.63999938964844,2,2.0,0,1.0,2,2,1,5,221,Low Value,0
CUST02759,960,1,101.7699966430664,101.7699966430664,1,1.0,0,1.0,1,1,1,3,111,Low Value,0
CUST03253,1093,1,102.36000061035156,102.36000061035156,6,6.0,0,1.0,1,1,1,3,111,Low Value,0
CUST00092,1004,1,102.9000015258789,102.9000015258789,14,14.0,0,1.0,1,2,1,4,121,Low Value,1
CUST00577,1033,1,104.16000366210938,104.16000366210938,14,14.0,0,1.0,1,1,1,3,111,Low Value,1
CUST00869,372,1,105.80999755859375,105.80999755859375,1,1.0,0,1.0,4,3,1,8,431,Low Value,0
CUST02986,887,1,107.19999694824219,107.19999694824219,2,2.0,0,1.0,1,1,1,3,111,Low Value,0
CUST00902,50,1,107.58999633789062,107.58999633789062,7,7.0,0,1.0,5,4,1,10,541,Medium Value,0
CUST03108,137,1,107.95999908447266,107.95999908447266,2,2.0,0,1.0,5,4,1,10,541,Medium Value,0
CUST02823,600,1,108.70999908447266,108.70999908447266,7,7.0,0,1.0,3,2,1,6,321,Low Value,0
CUST00074,553,1,108.73999786376953,108.73999786376953,1,1.0,0,1.0,3,3,1,7,331,Low Value,0
CUST01002,335,1,108.77999877929688,108.77999877929688,6,6.0,0,1.0,4,3,1,8,431,Low Value,0
CUST00579,600,1,108.9000015258789,108.9000015258789,6,6.0,0,1.0,3,2,1,6,321,Low Value,0
CUST01982,679,1,109.44000244140625,109.44000244140625,8,8.0,0,1.0,2,2,1,5,221,Low Value,1
CUST00508,907,1,112.72000122070312,112.72000122070312,8,8.0,0,1.0,1,1,1,3,111,Low Value,1
CUST01647,705,1,113.87999725341797,113.87999725341797,2,2.0,0,1.0,2,2,1,5,221,Low Value,0
CUST02126,453,1,114.11000061035156,114.11000061035156,1,1.0,0,1.0,3,3,1,7,331,Low Value,0
CUST02381,895,1,114.31999969482422,114.31999969482422,8,8.0,0,1.0,1,1,1,3,111,Low Value,1
CUST01814,590,1,115.47000122070312,115.47000122070312,9,9.0,0,1.0,3,2,1,6,321,Low Value,1
CUST00191,799,1,115.69999694824219,115.69999694824219,5,5.0,0,1.0,2,2,1,5,221,Low Value,0
CUST02390,430,1,115.91999816894531,115.91999816894531,8,8.0,0,1.0,3,3,1,7,331,Low Value,0
CUST01456,295,1,116.77999877929688,116.77999877929688,1,1.0,0,1.0,4,3,1,8,431,Low Value,0
CUST01023,0,1,116.80000305175781,116.80000305175781,10,10.0,0,1.0,5,4,1,10,541,Medium Value,1
CUST00959,1024,1,116.91000366210938,116.91000366210938,1,1.0,0,1.0,1,1,1,3,111,Low Value,0
CUST02848,507,1,117.1500015258789,117.1500015258789,1,1.0,0,1.0,3,3,1,7,331,Low Value,0
CUST01127,290,1,117.41999816894531,117.41999816894531,3,3.0,0,1.0,4,3,1,8,431,Low Value,0
CUST00309,468,1,120.75,120.75,15,15.0,0,1.0,3,3,1,7,331,Low Value,1
CUST00186,607,1,121.0,121.0,11,11.0,0,1.0,3,2,1,6,321,Low Value,1
CUST00364,665,1,121.12000274658203,121.12000274658203,4,4.0,0,1.0,2,2,1,5,221,Low Value,0
CUST02980,1072,1,121.26000213623047,121.26000213623047,1,1.0,0,1.0,1,1,1,3,111,Low Value,0
CUST00480,543,1,121.88999938964844,121.88999938964844,1,1.0,0,1.0,3,3,1,7,331,Low Value,0
CUST03167,92,1,122.5,122.5,14,14.0,0,1.0,5,4,1,10,541,Medium Value,1
CUST03221,306,1,123.81999969482422,123.81999969482422,2,2.0,0,1.0,4,3,1,8,431,Low Value,0
CUST02264,1058,1,124.18000030517578,124.18000030517578,14,14.0,0,1.0,1,1,1,3,111,Low Value,1
CUST01217,432,1,124.68000030517578,124.68000030517578,6,6.0,0,1.0,3,3,1,7,331,Low Value,0
CUST00297,987,1,124.94999694824219,124.94999694824219,15,15.0,0,1.0,1,1,1,3,111,Low Value,1
CUST02744,507,1,125.25,125.25,3,3.0,0,1.0,3,3,1,7,331,Low Value,0
CUST01460,697,1,125.44000244140625,125.44000244140625,1,1.0,0,1.0,2,2,1,5,221,Low Value,0
CUST01185,370,1,126.55999755859375,126.55999755859375,14,14.0,0,1.0,4,3,1,8,431,Low Value,1
CUST01125,841,1,126.6500015258789,126.6500015258789,5,5.0,0,1.0,2,1,1,4,211,Low Value,0
CUST01520,354,1,127.44000244140625,127.44000244140625,3,3.0,0,1.0,4,3,1,8,431,Low Value,0
CUST01916,1050,1,127.70999908447266,127.70999908447266,1,1.0,0,1.0,1,1,1,3,111,Low Value,0
CUST01549,145,1,128.66000366210938,128.66000366210938,2,2.0,0,1.0,5,4,1,10,541,Medium Value,0
CUST01590,484,1,129.0399932861328,129.0399932861328,8,8.0,0,1.0,3,3,1,7,331,Low Value,0
CUST02120,748,1,129.61000061035156,129.61000061035156,1,1.0,0,1.0,2,2,1,5,221,Low Value,0
CUST02601,2,1,131.63999938964844,131.63999938964844,1,1.0,0,1.0,5,4,1,10,541,Medium Value,0
CUST01049,291,1,131.9499969482422,131.9499969482422,13,13.0,0,1.0,4,3,1,8,431,Low Value,1
CUST00464,317,1,132.0,132.0,1,1.0,0,1.0,4,3,1,8,431,Low Value,0
CUST01214,1035,1,134.0399932861328,134.0399932861328,12,12.0,0,1.0,1,1,1,3,111,Low Value,1
CUST00166,749,1,134.52000427246094,134.52000427246094,4,4.0,0,1.0,2,2,1,5,221,Low Value,0
CUST00939,335,1,135.77000427246094,135.77000427246094,1,1.0,0,1.0,4,3,1,8,431,Low Value,0
CUST03243,730,1,138.42999267578125,138.42999267578125,1,1.0,0,1.0,2,2,1,5,221,Low Value,0
CUST02821,1063,1,139.5,139.5,1,1.0,0,1.0,1,1,1,3,111,Low Value,0
CUST02502,135,1,140.5800018310547,140.5800018310547,11,11.0,0,1.0,5,4,1,10,541,Medium Value,1
CUST02850,138,1,140.60000610351562,140.60000610351562,5,5.0,0,1.0,5,4,1,10,541,Medium Value,0
CUST00028,970,1,140.8000030517578,140.8000030517578,5,5.0,0,1.0,1,1,1,3,111,Low Value,0
CUST02969,841,1,141.35000610351562,141.35000610351562,11,11.0,0,1.0,2,1,1,4,211,Low Value,1
CUST01884,816,1,141.39999389648438,141.39999389648438,5,5.0,0,1.0,2,2,1,5,221,Low Value,0
CUST01121,745,1,141.67999267578125,141.67999267578125,8,8.0,0,1.0,2,2,1,5,221,Low Value,1
CUST03248,778,1,141.75,141.75,5,5.0,0,1.0,2,2,1,5,221,Low Value,0
CUST00227,32,1,142.61000061035156,142.61000061035156,1,1.0,0,1.0,5,4,1,10,541,Medium Value,0
CUST00654,763,1,143.67999267578125,143.67999267578125,8,8.0,0,1.0,2,2,1,5,221,Low Value,1
CUST02378,616,2,144.31999588012695,72.15999794006348,26,13.0,225,1.0,2,5,1,8,251,Low Value,1
CUST00346,984,1,145.72000122070312,145.72000122070312,1,1.0,0,1.0,1,1,1,3,111,Low Value,0
CUST01397,918,1,147.47999572753906,147.47999572753906,1,1.0,0,1.0,1,1,1,3,111,Low Value,0
CUST02170,741,1,148.38999938964844,148.38999938964844,11,11.0,0,1.0,2,2,1,5,221,Low Value,1
CUST00609,287,1,149.74000549316406,149.74000549316406,2,2.0,0,1.0,4,3,1,8,431,Low Value,0
CUST01627,14,1,150.85000610351562,150.85000610351562,5,5.0,0,1.0,5,4,1,10,541,Medium Value,0
CUST02294,747,1,151.6300048828125,151.6300048828125,1,1.0,0,1.0,2,2,1,5,221,Low Value,0
CUST02400,416,1,153.0399932861328,153.0399932861328,4,4.0,0,1.0,3,3,1,7,331,Low Value,0
CUST01636,558,1,153.1199951171875,153.1199951171875,11,11.0,0,1.0,3,2,1,6,321,Low Value,1
CUST00498,436,1,153.4499969482422,153.4499969482422,1,1.0,0,1.0,3,3,1,7,331,Low Value,0
CUST00382,296,1,156.1699981689453,156.1699981689453,7,7.0,0,1.0,4,3,1,8,431,Low Value,0
CUST01863,1039,1,158.24000549316406,158.24000549316406,2,2.0,0,1.0,1,1,1,3,111,Low Value,0
CUST02159,363,1,158.63999938964844,158.63999938964844,12,12.0,0,1.0,4,3,1,8,431,Low Value,1
CUST00086,399,1,159.05999755859375,159.05999755859375,2,2.0,0,1.0,3,3,1,7,331,Low Value,0
CUST01098,1017,1,159.52000427246094,159.52000427246094,4,4.0,0,1.0,1,1,1,3,111,Low Value,0
CUST01859,356,1,162.47999572753906,162.47999572753906,6,6.0,0,1.0,4,3,1,8,431,Low Value,0
CUST02644,542,1,162.52000427246094,162.52000427246094,4,4.0,0,1.0,3,3,1,7,331,Low Value,0
CUST02597,1039,1,163.1999969482422,163.1999969482422,12,12.0,0,1.0,1,1,1,3,111,Low Value,1
CUST01544,563,1,163.4199981689453,163.4199981689453,1,1.0,0,1.0,3,2,1,6,321,Low Value,0
CUST02827,523,1,164.57000732421875,164.57000732421875,1,1.0,0,1.0,3,3,1,7,331,Low Value,0
CUST01740,567,1,165.60000610351562,165.60000610351562,5,5.0,0,1.0,3,3,1,7,331,Low Value,0
CUST01739,817,1,165.75999450683594,165.75999450683594,2,2.0,0,1.0,2,2,1,5,221,Low Value,0
CUST02196,815,1,167.75,167.75,1,1.0,0,1.0,2,2,1,5,221,Low Value,0
CUST01920,693,1,168.74000549316406,168.74000549316406,2,2.0,0,1.0,2,2,1,5,221,Low Value,0
CUST01939,822,1,168.9600067138672,168.9600067138672,12,12.0,0,1.0,2,2,1,5,221,Low Value,1
CUST02694,189,1,171.10000610351562,171.10000610351562,2,2.0,0,1.0,4,4,1,9,441,Medium Value,0
CUST01576,1008,1,171.1199951171875,171.1199951171875,4,4.0,0,1.0,1,1,1,3,111,Low Value,0
CUST03205,891,1,171.80999755859375,171.80999755859375,1,1.0,0,1.0,1,1,1,3,111,Low Value,0
CUST01681,13,1,173.8300018310547,173.8300018310547,1,1.0,0,1.0,5,4,1,10,541,Medium Value,0
CUST02461,809,1,174.1300048828125,174.1300048828125,1,1.0,0,1.0,2,2,1,5,221,Low Value,0
CUST00392,1005,1,174.63999938964844,174.63999938964844,4,4.0,0,1.0,1,2,1,4,121,Low Value,0
CUST01437,549,1,176.16000366210938,176.16000366210938,2,2.0,0,1.0,3,3,1,7,331,Low Value,0
CUST00640,941,1,176.36000061035156,176.36000061035156,2,2.0,0,1.0,1,1,1,3,111,Low Value,0
CUST01773,442,1,176.38999938964844,176.38999938964844,1,1.0,0,1.0,3,3,1,7,331,Low Value,0
CUST01711,652,1,177.0,177.0,10,10.0,0,1.0,2,2,1,5,221,Low Value,1
CUST00412,1086,1,177.05999755859375,177.05999755859375,13,13.0,0,1.0,1,1,1,3,111,Low Value,1
CUST01524,537,1,177.33999633789062,177.33999633789062,2,2.0,0,1.0,3,3,1,7,331,Low Value,0
CUST01581,381,1,177.6999969482422,177.6999969482422,5,5.0,0,1.0,3,3,1,7,331,Low Value,0
CUST02683,733,1,179.3699951171875,179.3699951171875,9,9.0,0,1.0,2,2,1,5,221,Low Value,1
CUST01726,446,1,179.92999267578125,179.92999267578125,1,1.0,0,1.0,3,3,1,7,331,Low Value,0
CUST02971,70,1,180.5399932861328,180.5399932861328,6,6.0,0,1.0,5,4,1,10,541,Medium Value,0
CUST01447,1095,1,182.16000366210938,182.16000366210938,8,8.0,0,1.0,1,1,1,3,111,Low Value,1
CUST00320,1057,1,182.36000061035156,182.36000061035156,2,2.0,0,1.0,1,1,1,3,111,Low Value,0
CUST01796,211,1,182.8000030517578,182.8000030517578,10,10.0,0,1.0,4,4,1,9,441,Medium Value,1
CUST00803,1075,1,183.6999969482422,183.6999969482422,2,2.0,0,1.0,1,1,1,3,111,Low Value,0
CUST00761,333,1,184.4499969482422,184.4499969482422,1,1.0,0,1.0,4,3,1,8,431,Low Value,0
CUST03207,174,1,186.1300048828125,186.1300048828125,7,7.0,0,1.0,4,4,1,9,441,Medium Value,0
CUST01842,23,1,186.60000610351562,186.60000610351562,15,15.0,0,1.0,5,4,1,10,541,Medium Value,1
CUST00182,277,1,188.1999969482422,188.1999969482422,1,1.0,0,1.0,4,4,1,9,441,Medium Value,0
CUST01245,917,1,190.49000549316406,190.49000549316406,1,1.0,0,1.0,1,1,1,3,111,Low Value,0
CUST01063,539,1,192.07000732421875,192.07000732421875,1,1.0,0,1.0,3,3,1,7,331,Low Value,0
CUST02999,297,1,192.83999633789062,192.83999633789062,4,4.0,0,1.0,4,3,1,8,431,Low Value,0
CUST01487,915,1,193.9499969482422,193.9499969482422,15,15.0,0,1.0,1,1,1,3,111,Low Value,1
CUST00514,524,1,194.35000610351562,194.35000610351562,1,1.0,0,1.0,3,3,1,7,331,Low Value,0
CUST01670,870,1,195.60000610351562,195.60000610351562,15,15.0,0,1.0,1,1,1,3,111,Low Value,1
CUST00211,859,1,196.5500030517578,196.5500030517578,5,5.0,0,1.0,1,1,1,3,111,Low Value,0
CUST01462,750,1,197.77000427246094,197.77000427246094,1,1.0,0,1.0,2,2,1,5,221,Low Value,0
CUST00769,661,1,197.82000732421875,197.82000732421875,2,2.0,0,1.0,2,2,1,5,221,Low Value,0
CUST01319,40,1,198.02000427246094,198.02000427246094,1,1.0,0,1.0,5,4,1,10,541,Medium Value,0
CUST01145,115,1,198.11000061035156,198.11000061035156,1,1.0,0,1.0,5,4,1,10,541,Medium Value,0
CUST01879,35,1,199.7100067138672,199.7100067138672,1,1.0,0,1.0,5,4,1,10,541,Medium Value,0
CUST01084,431,1,200.1999969482422,200.1999969482422,4,4.0,0,1.0,3,3,1,7,331,Low Value,0
CUST02961,171,1,201.02000427246094,201.02000427246094,1,1.0,0,1.0,4,4,1,9,441,Medium Value,0
CUST00997,119,1,201.77999877929688,201.77999877929688,6,6.0,0,1.0,5,4,1,10,541,Medium Value,0
CUST00796,147,1,202.67999267578125,202.67999267578125,3,3.0,0,1.0,5,4,1,10,541,Medium Value,0
CUST01666,736,1,203.19000244140625,203.19000244140625,13,13.0,0,1.0,2,2,1,5,221,Low Value,1
CUST03166,254,1,203.27999877929688,203.27999877929688,1,1.0,0,1.0,4,4,1,9,441,Medium Value,0
CUST01078,594,1,204.0,204.0,12,12.0,0,1.0,3,2,1,6,321,Low Value,1
CUST01924,1049,1,204.32000732421875,204.32000732421875,2,2.0,0,1.0,1,1,1,3,111,Low Value,0
CUST02257,393,1,207.60000610351562,207.60000610351562,5,5.0,0,1.0,3,3,1,7,331,Low Value,0
CUST01365,406,1,208.3800048828125,208.3800048828125,6,6.0,0,1.0,3,3,1,7,331,Low Value,0
CUST01206,998,1,208.52000427246094,208.52000427246094,2,2.0,0,1.0,1,1,1,3,111,Low Value,0
CUST01293,251,1,208.55999755859375,208.55999755859375,8,8.0,0,1.0,4,4,1,9,441,Medium Value,0
CUST01294,978,1,208.89999389648438,208.89999389648438,10,10.0,0,1.0,1,1,1,3,111,Low Value,1
CUST03122,866,1,209.63999938964844,209.63999938964844,3,3.0,0,1.0,1,1,1,3,111,Low Value,0
CUST01942,579,1,209.85000610351562,209.85000610351562,15,15.0,0,1.0,3,2,1,6,321,Low Value,1
CUST01386,931,1,210.1199951171875,210.1199951171875,12,12.0,0,1.0,1,1,1,3,111,Low Value,1
CUST01356,657,1,210.36000061035156,210.36000061035156,3,3.0,0,1.0,2,2,1,5,221,Low Value,0
CUST01790,234,1,211.33999633789062,211.33999633789062,1,1.0,0,1.0,4,4,1,9,441,Medium Value,0
CUST00277,1084,1,212.02000427246094,212.02000427246094,2,2.0,0,1.0,1,1,1,3,111,Low Value,0
CUST02179,80,1,212.3699951171875,212.3699951171875,3,3.0,0,1.0,5,4,1,10,541,Medium Value,0
CUST02555,1058,1,212.5,212.5,5,5.0,0,1.0,1,1,1,3,111,Low Value,0
CUST00367,503,1,214.02000427246094,214.02000427246094,3,3.0,0,1.0,3,3,1,7,331,Low Value,0
CUST03124,620,1,216.11000061035156,216.11000061035156,1,1.0,0,1.0,2,2,1,5,221,Low Value,0
CUST02907,650,1,217.1199951171875,217.1199951171875,1,1.0,0,1.0,2,2,1,5,221,Low Value,0
CUST00663,881,1,217.22999572753906,217.22999572753906,3,3.0,0,1.0,1,1,1,3,111,Low Value,0
CUST02274,897,1,218.0399932861328,218.0399932861328,6,6.0,0,1.0,1,1,1,3,111,Low Value,0
CUST02928,487,1,218.27999877929688,218.27999877929688,4,4.0,0,1.0,3,3,1,7,331,Low Value,0
CUST00375,114,1,218.7899932861328,218.7899932861328,9,9.0,0,1.0,5,4,1,10,541,Medium Value,1
CUST01878,471,1,221.5399932861328,221.5399932861328,1,1.0,0,1.0,3,3,1,7,331,Low Value,0
CUST01467,674,1,224.14999389648438,224.14999389648438,1,1.0,0,1.0,2,2,1,5,221,Low Value,0
CUST03113,537,1,224.16000366210938,224.16000366210938,1,1.0,0,1.0,3,3,1,7,331,Low Value,0
CUST02020,137,1,225.11000061035156,225.11000061035156,1,1.0,0,1.0,5,4,1,10,541,Medium Value,0
CUST02846,695,1,225.66000366210938,225.66000366210938,6,6.0,0,1.0,2,2,1,5,221,Low Value,0
CUST00665,684,1,225.7100067138672,225.7100067138672,1,1.0,0,1.0,2,2,1,5,221,Low Value,0
CUST02609,632,1,226.52999877929688,226.52999877929688,9,9.0,0,1.0,2,2,1,5,221,Low Value,1
CUST00680,192,1,227.16000366210938,227.16000366210938,1,1.0,0,1.0,4,4,1,9,441,Medium Value,0
CUST01763,653,1,227.8800048828125,227.8800048828125,12,12.0,0,1.0,2,2,1,5,221,Low Value,1
CUST00791,351,1,228.16000366210938,228.16000366210938,1,1.0,0,1.0,4,3,1,8,431,Low Value,0
CUST02355,1051,1,229.0500030517578,229.0500030517578,5,5.0,0,1.0,1,1,1,3,111,Low Value,0
CUST01855,1019,1,229.1999969482422,229.1999969482422,5,5.0,0,1.0,1,1,1,3,111,Low Value,0
CUST00546,1034,1,230.0800018310547,230.0800018310547,8,8.0,0,1.0,1,1,1,3,111,Low Value,1
CUST00045,212,1,230.63999938964844,230.63999938964844,3,3.0,0,1.0,4,4,1,9,441,Medium Value,0
CUST01465,349,1,230.8000030517578,230.8000030517578,5,5.0,0,1.0,4,3,1,8,431,Low Value,0
CUST03097,445,2,231.4199981689453,115.70999908447266,12,6.0,110,1.0,3,5,1,9,351,Medium Value,0
CUST02430,491,1,231.57000732421875,231.57000732421875,9,9.0,0,1.0,3,3,1,7,331,Low Value,1
CUST01175,682,1,231.75,231.75,3,3.0,0,1.0,2,2,1,5,221,Low Value,0
CUST02837,1004,1,232.5,232.5,6,6.0,0,1.0,1,1,1,3,111,Low Value,0
CUST00353,750,1,234.1999969482422,234.1999969482422,2,2.0,0,1.0,2,2,1,5,221,Low Value,0
CUST01393,102,1,234.77999877929688,234.77999877929688,3,3.0,0,1.0,5,4,1,10,541,Medium Value,0
CUST03184,565,2,237.0699920654297,118.53499603271484,6,3.0,428,1.0,3,5,1,9,351,Medium Value,0
CUST00487,86,1,238.42999267578125,238.42999267578125,1,1.0,0,1.0,5,4,1,10,541,Medium Value,0
CUST00581,420,1,239.85000610351562,239.85000610351562,9,9.0,0,1.0,3,3,1,7,331,Low Value,1
CUST00301,64,1,239.9600067138672,239.9600067138672,4,4.0,0,1.0,5,4,1,10,541,Medium Value,0
CUST01092,302,1,240.4499969482422,240.4499969482422,3,3.0,0,1.0,4,3,1,8,431,Low Value,0
CUST00846,1026,1,240.89999389648438,240.89999389648438,11,11.0,0,1.0,1,1,1,3,111,Low Value,1
CUST01800,722,1,242.8000030517578,242.8000030517578,4,4.0,0,1.0,2,2,1,5,221,Low Value,0
CUST00154,214,1,244.32000732421875,244.32000732421875,12,12.0,0,1.0,4,4,1,9,441,Medium Value,1
CUST01421,978,1,245.42999267578125,245.42999267578125,3,3.0,0,1.0,1,1,1,3,111,Low Value,0
CUST01798,724,1,246.13999938964844,246.13999938964844,1,1.0,0,1.0,2,2,1,5,221,Low Value,0
CUST02603,1086,1,247.64999389648438,247.64999389648438,13,13.0,0,1.0,1,1,1,3,111,Low Value,1
CUST02978,536,1,248.5,248.5,5,5.0,0,1.0,3,3,1,7,331,Low Value,0
CUST02599,613,1,248.5800018310547,248.5800018310547,2,2.0,0,1.0,2,2,1,5,221,Low Value,0
CUST01448,535,1,250.17999267578125,250.17999267578125,7,7.0,0,1.0,3,3,1,7,331,Low Value,0
CUST00778,652,1,250.44000244140625,250.44000244140625,1,1.0,0,1.0,2,2,1,5,221,Low Value,0
CUST01749,495,1,250.5500030517578,250.5500030517578,1,1.0,0,1.0,3,3,1,7,331,Low Value,0
CUST01425,828,1,250.60000610351562,250.60000610351562,14,14.0,0,1.0,2,2,1,5,221,Low Value,1
CUST02539,887,1,250.83999633789062,250.83999633789062,2,2.0,0,1.0,1,1,1,3,111,Low Value,0
CUST00120,836,1,250.9499969482422,250.9499969482422,1,1.0,0,1.0,2,2,1,5,221,Low Value,0
CUST02420,842,1,251.0399932861328,251.0399932861328,1,1.0,0,1.0,2,1,1,4,211,Low Value,0
CUST01333,322,1,251.25,251.25,3,3.0,0,1.0,4,3,1,8,431,Low Value,0
CUST01110,977,1,252.0,252.0,9,9.0,0,1.0,1,1,1,3,111,Low Value,1
CUST02035,460,1,252.14999389648438,252.14999389648438,3,3.0,0,1.0,3,3,1,7,331,Low Value,0
CUST00662,135,1,252.60000610351562,252.60000610351562,1,1.0,0,1.0,5,4,1,10,541,Medium Value,0
CUST02651,383,1,252.75999450683594,252.75999450683594,4,4.0,0,1.0,3,3,1,7,331,Low Value,0
CUST03208,948,1,253.66000366210938,253.66000366210938,1,1.0,0,1.0,1,1,1,3,111,Low Value,0
CUST01564,490,1,254.0800018310547,254.0800018310547,4,4.0,0,1.0,3,3,1,7,331,Low Value,0
CUST00499,991,1,254.64999389648438,254.64999389648438,5,5.0,0,1.0,1,1,1,3,111,Low Value,0
CUST01736,382,1,255.89999389648438,255.89999389648438,10,10.0,0,1.0,3,3,1,7,331,Low Value,1
CUST02213,763,1,255.9199981689453,255.9199981689453,14,14.0,0,1.0,2,2,1,5,221,Low Value,1
CUST02985,988,1,256.1400146484375,256.1400146484375,9,9.0,0,1.0,1,1,1,3,111,Low Value,1
CUST00242,618,1,257.0,257.0,4,4.0,0,1.0,2,2,1,5,221,Low Value,0
CUST02889,300,1,257.5799865722656,257.5799865722656,3,3.0,0,1.0,4,3,1,8,431,Low Value,0
CUST00810,890,1,258.79998779296875,258.79998779296875,10,10.0,0,1.0,1,1,1,3,111,Low Value,1
CUST01005,185,1,261.20001220703125,261.20001220703125,4,4.0,0,1.0,4,4,1,9,441,Medium Value,0
CUST01229,235,1,262.760009765625,262.760009765625,1,1.0,0,1.0,4,4,1,9,441,Medium Value,0
CUST00597,712,1,265.0,265.0,4,4.0,0,1.0,2,2,1,5,221,Low Value,0
CUST01734,450,1,265.5299987792969,265.5299987792969,1,1.0,0,1.0,3,3,1,7,331,Low Value,0
CUST02836,412,1,266.6400146484375,266.6400146484375,1,1.0,0,1.0,3,3,1,7,331,Low Value,0
CUST01513,208,2,266.67000579833984,133.33500289916992,4,2.0,291,1.0,4,5,1,10,451,Medium Value,0
CUST02730,7,2,267.02999114990234,133.51499557495117,18,9.0,460,1.0,5,5,1,11,551,Medium Value,2
CUST00362,949,1,267.5899963378906,267.5899963378906,1,1.0,0,1.0,1,1,1,3,111,Low Value,0
CUST01981,665,1,267.8299865722656,267.8299865722656,1,1.0,0,1.0,2,2,1,5,221,Low Value,0
CUST01325,365,1,268.0199890136719,268.0199890136719,1,1.0,0,1.0,4,3,1,8,431,Low Value,0
CUST02146,366,1,269.1000061035156,269.1000061035156,5,5.0,0,1.0,4,3,1,8,431,Low Value,0
CUST01322,448,1,269.4800109863281,269.4800109863281,1,1.0,0,1.0,3,3,1,7,331,Low Value,0
CUST02691,864,1,269.7900085449219,269.7900085449219,1,1.0,0,1.0,1,1,1,3,111,Low Value,0
CUST03260,378,1,270.6000061035156,270.6000061035156,5,5.0,0,1.0,3,3,1,7,331,Low Value,0
CUST00503,150,1,273.5400085449219,273.5400085449219,3,3.0,0,1.0,5,4,1,10,541,Medium Value,0
CUST02346,147,1,273.8500061035156,273.8500061035156,5,5.0,0,1.0,5,4,1,10,541,Medium Value,0
CUST02881,889,1,274.82000732421875,274.82000732421875,2,2.0,0,1.0,1,1,1,3,111,Low Value,0
CUST01369,1000,1,275.1600036621094,275.1600036621094,2,2.0,0,1.0,1,1,1,3,111,Low Value,0
CUST01490,403,1,275.3399963378906,275.3399963378906,3,3.0,0,1.0,3,3,1,7,331,Low Value,0
CUST02664,70,1,280.0199890136719,280.0199890136719,2,2.0,0,1.0,5,4,1,10,541,Medium Value,0
CUST02735,925,1,281.82000732421875,281.82000732421875,3,3.0,0,1.0,1,1,1,3,111,Low Value,0
CUST02023,751,1,282.7799987792969,282.7799987792969,6,6.0,0,1.0,2,2,1,5,221,Low Value,0
CUST01086,723,1,283.2900085449219,283.2900085449219,3,3.0,0,1.0,2,2,1,5,221,Low Value,0
CUST01420,62,1,285.2200012207031,285.2200012207031,1,1.0,0,1.0,5,4,1,10,541,Medium Value,0
CUST02937,1022,1,285.3599853515625,285.3599853515625,3,3.0,0,1.0,1,1,1,3,111,Low Value,0
CUST01260,232,1,285.6000061035156,285.6000061035156,8,8.0,0,1.0,4,4,1,9,441,Medium Value,0
CUST00107,786,1,285.8399963378906,285.8399963378906,9,9.0,0,1.0,2,2,1,5,221,Low Value,1
CUST02036,216,2,286.22999000549316,143.11499500274658,2,1.0,596,1.0,4,5,1,10,451,Medium Value,2
CUST00985,945,1,286.8800048828125,286.8800048828125,1,1.0,0,1.0,1,1,1,3,111,Low Value,0
CUST02602,922,1,287.0,287.0,10,10.0,0,1.0,1,1,1,3,111,Low Value,1
CUST01668,513,1,288.0,288.0,1,1.0,0,1.0,3,3,1,7,331,Low Value,0
CUST03032,646,1,288.8800048828125,288.8800048828125,1,1.0,0,1.0,2,2,1,5,221,Low Value,0
CUST00447,950,1,289.44000244140625,289.44000244140625,12,12.0,0,1.0,1,1,1,3,111,Low Value,1
CUST02161,577,1,290.25,290.25,3,3.0,0,1.0,3,2,1,6,321,Low Value,0
CUST02386,435,1,293.44000244140625,293.44000244140625,2,2.0,0,1.0,3,3,1,7,331,Low Value,0
CUST01745,886,1,293.6199951171875,293.6199951171875,2,2.0,0,1.0,1,1,1,3,111,Low Value,0
CUST01983,878,1,293.7799987792969,293.7799987792969,1,1.0,0,1.0,1,1,1,3,111,Low Value,0
CUST02262,875,1,294.0299987792969,294.0299987792969,9,9.0,0,1.0,1,1,1,3,111,Low Value,1
CUST02769,902,1,294.1000061035156,294.1000061035156,2,2.0,0,1.0,1,1,1,3,111,Low Value,0
CUST01258,336,1,295.79998779296875,295.79998779296875,4,4.0,0,1.0,4,3,1,8,431,Low Value,0
CUST01399,974,1,296.2900085449219,296.2900085449219,1,1.0,0,1.0,1,1,1,3,111,Low Value,0
CUST00494,35,1,296.760009765625,296.760009765625,4,4.0,0,1.0,5,4,1,10,541,Medium Value,0
CUST00372,269,1,297.55999755859375,297.55999755859375,4,4.0,0,1.0,4,4,1,9,441,Medium Value,0
CUST02096,293,1,298.1199951171875,298.1199951171875,2,2.0,0,1.0,4,3,1,8,431,Low Value,0
CUST00854,561,1,298.57000732421875,298.57000732421875,1,1.0,0,1.0,3,2,1,6,321,Low Value,0
CUST02142,216,1,298.79998779296875,298.79998779296875,9,9.0,0,1.0,4,4,1,9,441,Medium Value,1
CUST00870,438,1,299.42999267578125,299.42999267578125,9,9.0,0,1.0,3,3,1,7,331,Low Value,1
CUST00058,155,1,299.70001220703125,299.70001220703125,15,15.0,0,1.0,5,4,1,10,541,Medium Value,1
CUST00515,43,1,299.7099914550781,299.7099914550781,1,1.0,0,1.0,5,4,1,10,541,Medium Value,0
CUST02408,783,1,299.9200134277344,299.9200134277344,8,8.0,0,1.0,2,2,1,5,221,Low Value,1
CUST00699,680,1,301.45001220703125,301.45001220703125,5,5.0,0,1.0,2,2,1,5,221,Low Value,0
CUST02834,910,1,303.1199951171875,303.1199951171875,4,4.0,0,1.0,1,1,1,3,111,Low Value,0
CUST00376,140,1,303.45001220703125,303.45001220703125,7,7.0,0,1.0,5,4,1,10,541,Medium Value,0
CUST02883,101,1,304.55999755859375,304.55999755859375,2,2.0,0,1.0,5,4,1,10,541,Medium Value,0
CUST01806,351,2,305.34000396728516,152.67000198364258,4,2.0,273,1.0,4,5,1,10,451,Medium Value,0
CUST00999,443,2,308.4600067138672,154.2300033569336,7,3.5,442,1.0,3,5,1,9,351,Medium Value,2
CUST01216,280,1,309.760009765625,309.760009765625,4,4.0,0,1.0,4,4,1,9,441,Medium Value,0
CUST02616,945,1,311.25,311.25,5,5.0,0,1.0,1,1,1,3,111,Low Value,0
CUST00725,161,1,313.5199890136719,313.5199890136719,4,4.0,0,1.0,5,4,1,10,541,Medium Value,0
CUST02305,127,1,314.0199890136719,314.0199890136719,2,2.0,0,1.0,5,4,1,10,541,Medium Value,0
CUST03126,840,1,315.29998779296875,315.29998779296875,3,3.0,0,1.0,2,1,1,4,211,Low Value,0
CUST00509,684,1,316.6000061035156,316.6000061035156,2,2.0,0,1.0,2,2,1,5,221,Low Value,0
CUST02316,877,1,317.1300048828125,317.1300048828125,11,11.0,0,1.0,1,2,1,4,121,Low Value,1
CUST01525,569,3,319.42000579833984,106.47333526611328,14,4.666666666666667,80,1.0,3,5,1,9,351,Medium Value,0
CUST00861,673,1,319.5799865722656,319.5799865722656,2,2.0,0,1.0,2,2,1,5,221,Low Value,0
CUST00952,56,1,319.8800048828125,319.8800048828125,2,2.0,0,1.0,5,4,1,10,541,Medium Value,0
CUST03214,217,1,319.95001220703125,319.95001220703125,5,5.0,0,1.0,4,4,1,9,441,Medium Value,0
CUST02242,938,1,319.9800109863281,319.9800109863281,3,3.0,0,1.0,1,1,1,3,111,Low Value,0
CUST01936,900,1,321.4800109863281,321.4800109863281,6,6.0,0,1.0,1,1,1,3,111,Low Value,0
CUST01679,11,1,321.94000244140625,321.94000244140625,2,2.0,0,1.0,5,4,1,10,541,Medium Value,0
CUST01943,385,1,323.0400085449219,323.0400085449219,4,4.0,0,1.0,3,3,1,7,331,Low Value,0
CUST00775,114,1,327.989990234375,327.989990234375,13,13.0,0,1.0,5,4,1,10,541,Medium Value,1
CUST01259,616,2,329.1499938964844,164.5749969482422,17,8.5,203,1.0,2,5,1,8,251,Low Value,1
CUST00275,417,1,329.760009765625,329.760009765625,6,6.0,0,1.0,3,3,1,7,331,Low Value,0
CUST02987,715,1,330.6600036621094,330.6600036621094,2,2.0,0,1.0,2,2,1,5,221,Low Value,0
CUST01869,428,1,330.69000244140625,330.69000244140625,3,3.0,0,1.0,3,3,1,7,331,Low Value,0
CUST00025,352,1,332.4100036621094,332.4100036621094,13,13.0,0,1.0,4,3,1,8,431,Low Value,1
CUST02863,94,1,333.1199951171875,333.1199951171875,4,4.0,0,1.0,5,4,1,10,541,Medium Value,0
CUST02782,90,1,333.4200134277344,333.4200134277344,3,3.0,0,1.0,5,4,1,10,541,Medium Value,0
CUST03053,581,1,336.9599914550781,336.9599914550781,9,9.0,0,1.0,3,2,1,6,321,Low Value,1
CUST01618,740,1,337.6099853515625,337.6099853515625,13,13.0,0,1.0,2,2,1,5,221,Low Value,1
CUST00082,997,1,338.5799865722656,338.5799865722656,9,9.0,0,1.0,1,1,1,3,111,Low Value,1
CUST03162,586,1,340.5,340.5,2,2.0,0,1.0,3,2,1,6,321,Low Value,0
CUST00584,735,1,340.55999755859375,340.55999755859375,11,11.0,0,1.0,2,2,1,5,221,Low Value,1
CUST02413,247,1,341.79998779296875,341.79998779296875,5,5.0,0,1.0,4,4,1,9,441,Medium Value,0
CUST03056,1011,1,342.3599853515625,342.3599853515625,3,3.0,0,1.0,1,1,1,3,111,Low Value,0
CUST01186,494,1,344.0799865722656,344.0799865722656,4,4.0,0,1.0,3,3,1,7,331,Low Value,0
CUST03283,465,1,344.1199951171875,344.1199951171875,4,4.0,0,1.0,3,3,1,7,331,Low Value,0
CUST02277,180,1,344.94000244140625,344.94000244140625,6,6.0,0,1.0,4,4,1,9,441,Medium Value,0
CUST01210,70,1,345.0,345.0,12,12.0,0,1.0,5,4,1,10,541,Medium Value,1
CUST00998,800,1,346.3999938964844,346.3999938964844,4,4.0,0,1.0,2,2,1,5,221,Low Value,0
CUST01279,410,1,347.1499938964844,347.1499938964844,5,5.0,0,1.0,3,3,1,7,331,Low Value,0
CUST00850,458,1,347.6000061035156,347.6000061035156,2,2.0,0,1.0,3,3,1,7,331,Low Value,0
CUST00048,66,1,353.3399963378906,353.3399963378906,13,13.0,0,1.0,5,4,1,10,541,Medium Value,1
CUST00561,357,1,354.57000732421875,354.57000732421875,3,3.0,0,1.0,4,3,1,8,431,Low Value,0
CUST01311,361,1,355.1000061035156,355.1000061035156,2,2.0,0,1.0,4,3,1,8,431,Low Value,0
CUST02515,1046,1,357.75,357.75,9,9.0,0,1.0,1,1,1,3,111,Low Value,1
CUST00354,109,1,358.20001220703125,358.20001220703125,10,10.0,0,1.0,5,4,1,10,541,Medium Value,1
CUST00894,367,2,359.47000885009766,179.73500442504883,25,12.5,519,1.0,4,5,2,11,452,Medium Value,2
CUST00018,959,1,360.1000061035156,360.1000061035156,2,2.0,0,1.0,1,1,2,4,112,Low Value,0
CUST01545,157,1,364.2099914550781,364.2099914550781,11,11.0,0,1.0,5,4,2,11,542,Medium Value,1
CUST02640,145,1,365.0400085449219,365.0400085449219,2,2.0,0,1.0,5,4,2,11,542,Medium Value,0
CUST00131,575,1,366.8999938964844,366.8999938964844,5,5.0,0,1.0,3,2,2,7,322,Low Value,0
CUST00832,404,1,366.94000244140625,366.94000244140625,7,7.0,0,1.0,3,3,2,8,332,Low Value,0
CUST03278,199,1,368.0400085449219,368.0400085449219,3,3.0,0,1.0,4,4,2,10,442,Medium Value,0
CUST01072,130,1,368.1199951171875,368.1199951171875,4,4.0,0,1.0,5,4,2,11,542,Medium Value,0
CUST00218,208,1,371.1199951171875,371.1199951171875,2,2.0,0,1.0,4,4,2,10,442,Medium Value,0
CUST02718,767,1,371.4200134277344,371.4200134277344,7,7.0,0,1.0,2,2,2,6,222,Low Value,0
CUST02696,647,1,372.1000061035156,372.1000061035156,2,2.0,0,1.0,2,2,2,6,222,Low Value,0
CUST02887,442,1,372.4599914550781,372.4599914550781,11,11.0,0,1.0,3,3,2,8,332,Low Value,1
CUST00713,328,1,372.55999755859375,372.55999755859375,8,8.0,0,1.0,4,3,2,9,432,Medium Value,0
CUST03048,958,1,373.6400146484375,373.6400146484375,4,4.0,0,1.0,1,1,2,4,112,Low Value,0
CUST01930,64,1,374.0400085449219,374.0400085449219,6,6.0,0,1.0,5,4,2,11,542,Medium Value,0
CUST02181,623,1,374.70001220703125,374.70001220703125,5,5.0,0,1.0,2,2,2,6,222,Low Value,0
CUST00482,783,1,376.3800048828125,376.3800048828125,3,3.0,0,1.0,2,2,2,6,222,Low Value,0
CUST01986,285,1,376.8599853515625,376.8599853515625,6,6.0,0,1.0,4,4,2,10,442,Medium Value,0
CUST02996,388,1,378.4800109863281,378.4800109863281,12,12.0,0,1.0,3,3,2,8,332,Low Value,1
CUST01292,755,1,379.5,379.5,10,10.0,0,1.0,2,2,2,6,222,Low Value,1
CUST03135,1044,1,382.79998779296875,382.79998779296875,8,8.0,0,1.0,1,1,2,4,112,Low Value,1
CUST02261,279,2,382.87999725341797,191.43999862670898,15,7.5,248,1.0,4,5,2,11,452,Medium Value,2
CUST02436,66,1,384.75,384.75,3,3.0,0,1.0,5,4,2,11,542,Medium Value,0
CUST00960,751,1,384.92999267578125,384.92999267578125,3,3.0,0,1.0,2,2,2,6,222,Low Value,0
CUST01600,698,1,385.0400085449219,385.0400085449219,4,4.0,0,1.0,2,2,2,6,222,Low Value,0
CUST02437,865,1,385.05999755859375,385.05999755859375,13,13.0,0,1.0,1,1,2,4,112,Low Value,1
CUST03095,1008,1,385.2200012207031,385.2200012207031,2,2.0,0,1.0,1,1,2,4,112,Low Value,0
CUST02638,872,1,385.70001220703125,385.70001220703125,2,2.0,0,1.0,1,1,2,4,112,Low Value,0
CUST02974,1093,1,385.7699890136719,385.7699890136719,3,3.0,0,1.0,1,1,2,4,112,Low Value,0
CUST00639,529,1,386.9700012207031,386.9700012207031,3,3.0,0,1.0,3,3,2,8,332,Low Value,0
CUST01558,683,1,389.20001220703125,389.20001220703125,10,10.0,0,1.0,2,2,2,6,222,Low Value,1
CUST00151,505,1,390.0,390.0,3,3.0,0,1.0,3,3,2,8,332,Low Value,0
CUST02104,781,1,392.29998779296875,392.29998779296875,5,5.0,0,1.0,2,2,2,6,222,Low Value,0
CUST01378,872,1,392.6300048828125,392.6300048828125,7,7.0,0,1.0,1,1,2,4,112,Low Value,0
CUST02900,96,1,393.6600036621094,393.6600036621094,9,9.0,0,1.0,5,4,2,11,542,Medium Value,1
CUST02958,940,1,395.760009765625,395.760009765625,12,12.0,0,1.0,1,1,2,4,112,Low Value,1
CUST01445,976,1,396.54998779296875,396.54998779296875,7,7.0,0,1.0,1,1,2,4,112,Low Value,0
CUST03083,571,1,398.5,398.5,2,2.0,0,1.0,3,2,2,7,322,Low Value,0
CUST01280,162,2,398.5199890136719,199.25999450683594,5,2.5,765,1.0,5,5,2,12,552,Medium Value,2
CUST00266,783,1,400.3800048828125,400.3800048828125,3,3.0,0,1.0,2,2,2,6,222,Low Value,0
CUST01724,259,1,400.82000732421875,400.82000732421875,14,14.0,0,1.0,4,4,2,10,442,Medium Value,1
CUST01587,973,1,401.3999938964844,401.3999938964844,5,5.0,0,1.0,1,1,2,4,112,Low Value,0
CUST03030,439,1,401.8999938964844,401.8999938964844,2,2.0,0,1.0,3,3,2,8,332,Low Value,0
CUST03088,564,1,402.2200012207031,402.2200012207031,7,7.0,0,1.0,3,2,2,7,322,Low Value,0
CUST02368,112,1,402.3399963378906,402.3399963378906,2,2.0,0,1.0,5,4,2,11,542,Medium Value,0
CUST02831,363,1,402.4800109863281,402.4800109863281,8,8.0,0,1.0,4,3,2,9,432,Medium Value,0
CUST02532,515,1,402.6300048828125,402.6300048828125,3,3.0,0,1.0,3,3,2,8,332,Low Value,0
CUST01701,880,1,402.95001220703125,402.95001220703125,5,5.0,0,1.0,1,1,2,4,112,Low Value,0
CUST01419,962,1,403.1400146484375,403.1400146484375,2,2.0,0,1.0,1,1,2,4,112,Low Value,0
CUST02417,1000,1,403.260009765625,403.260009765625,11,11.0,0,1.0,1,1,2,4,112,Low Value,1
CUST02208,240,1,403.5199890136719,403.5199890136719,13,13.0,0,1.0,4,4,2,10,442,Medium Value,1
CUST00393,440,1,406.1000061035156,406.1000061035156,5,5.0,0,1.0,3,3,2,8,332,Low Value,0
CUST00712,260,1,407.82000732421875,407.82000732421875,6,6.0,0,1.0,4,4,2,10,442,Medium Value,0
CUST00619,351,1,407.95001220703125,407.95001220703125,5,5.0,0,1.0,4,3,2,9,432,Medium Value,0
CUST01066,230,1,408.5,408.5,2,2.0,0,1.0,4,4,2,10,442,Medium Value,0
CUST03274,696,1,413.8399963378906,413.8399963378906,14,14.0,0,1.0,2,2,2,6,222,Low Value,1
CUST00637,963,1,415.5,415.5,5,5.0,0,1.0,1,1,2,4,112,Low Value,0
CUST02287,1033,1,417.9599914550781,417.9599914550781,6,6.0,0,1.0,1,1,2,4,112,Low Value,0
CUST01951,14,2,418.7699947357178,209.3849973678589,15,7.5,723,1.0,5,5,2,12,552,Medium Value,2
CUST00459,4,1,419.19000244140625,419.19000244140625,3,3.0,0,1.0,5,4,2,11,542,Medium Value,0
CUST02897,944,1,419.6000061035156,419.6000061035156,4,4.0,0,1.0,1,1,2,4,112,Low Value,0
CUST00178,1083,1,420.17999267578125,420.17999267578125,6,6.0,0,1.0,1,1,2,4,112,Low Value,0
CUST01269,777,1,420.75,420.75,3,3.0,0,1.0,2,2,2,6,222,Low Value,0
CUST02569,97,1,422.3800048828125,422.3800048828125,2,2.0,0,1.0,5,4,2,11,542,Medium Value,0
CUST02365,688,1,423.4800109863281,423.4800109863281,6,6.0,0,1.0,2,2,2,6,222,Low Value,0
CUST01615,900,1,423.6000061035156,423.6000061035156,5,5.0,0,1.0,1,1,2,4,112,Low Value,0
CUST01001,67,1,429.80999755859375,429.80999755859375,3,3.0,0,1.0,5,4,2,11,542,Medium Value,0
CUST02595,999,1,429.8399963378906,429.8399963378906,12,12.0,0,1.0,1,1,2,4,112,Low Value,1
CUST03263,385,1,429.8800048828125,429.8800048828125,2,2.0,0,1.0,3,3,2,8,332,Low Value,0
CUST01351,1048,1,431.5,431.5,2,2.0,0,1.0,1,1,2,4,112,Low Value,0
CUST00008,984,1,433.1199951171875,433.1199951171875,4,4.0,0,1.0,1,1,2,4,112,Low Value,0
CUST03198,254,1,433.5799865722656,433.5799865722656,14,14.0,0,1.0,4,4,2,10,442,Medium Value,1
CUST03066,265,1,434.1600036621094,434.1600036621094,3,3.0,0,1.0,4,4,2,10,442,Medium Value,0
CUST00938,365,1,434.29998779296875,434.29998779296875,2,2.0,0,1.0,4,3,2,9,432,Medium Value,0
CUST02544,8,1,435.0,435.0,15,15.0,0,1.0,5,4,2,11,542,Medium Value,1
CUST00203,1016,1,437.3999938964844,437.3999938964844,2,2.0,0,1.0,1,1,2,4,112,Low Value,0
CUST01748,650,1,441.79998779296875,441.79998779296875,10,10.0,0,1.0,2,2,2,6,222,Low Value,1
CUST00875,55,1,441.92999267578125,441.92999267578125,3,3.0,0,1.0,5,4,2,11,542,Medium Value,0
CUST03227,619,1,443.7200012207031,443.7200012207031,2,2.0,0,1.0,2,2,2,6,222,Low Value,0
CUST00221,1003,1,444.25,444.25,5,5.0,0,1.0,1,1,2,4,112,Low Value,0
CUST00633,509,2,444.2699966430664,222.1349983215332,7,3.5,411,1.0,3,5,2,10,352,Medium Value,0
CUST02026,1073,1,445.20001220703125,445.20001220703125,2,2.0,0,1.0,1,1,2,4,112,Low Value,0
CUST02209,189,1,446.0400085449219,446.0400085449219,12,12.0,0,1.0,4,4,2,10,442,Medium Value,1
CUST00370,376,1,446.1000061035156,446.1000061035156,2,2.0,0,1.0,4,3,2,9,432,Medium Value,0
CUST01633,378,1,447.7200012207031,447.7200012207031,13,13.0,0,1.0,3,3,2,8,332,Low Value,1
CUST02581,159,1,448.1099853515625,448.1099853515625,3,3.0,0,1.0,5,4,2,11,542,Medium Value,0
CUST00655,1019,1,448.489990234375,448.489990234375,7,7.0,0,1.0,1,1,2,4,112,Low Value,0
CUST01011,478,1,449.05999755859375,449.05999755859375,2,2.0,0,1.0,3,3,2,8,332,Low Value,0
CUST00389,739,1,449.3399963378906,449.3399963378906,2,2.0,0,1.0,2,2,2,6,222,Low Value,0
CUST01083,972,1,449.6400146484375,449.6400146484375,9,9.0,0,1.0,1,1,2,4,112,Low Value,1
CUST02097,846,1,450.1000061035156,450.1000061035156,7,7.0,0,1.0,2,1,2,5,212,Low Value,0
CUST00283,862,1,451.1199951171875,451.1199951171875,2,2.0,0,1.0,1,1,2,4,112,Low Value,0
CUST00306,975,1,453.17999267578125,453.17999267578125,3,3.0,0,1.0,1,1,2,4,112,Low Value,0
CUST01815,306,1,454.45001220703125,454.45001220703125,5,5.0,0,1.0,4,3,2,9,432,Medium Value,0
CUST00646,921,1,455.489990234375,455.489990234375,3,3.0,0,1.0,1,1,2,4,112,Low Value,0
CUST03060,108,1,455.5199890136719,455.5199890136719,13,13.0,0,1.0,5,4,2,11,542,Medium Value,1
CUST00478,405,1,456.8999938964844,456.8999938964844,6,6.0,0,1.0,3,3,2,8,332,Low Value,0
CUST00476,118,1,459.6000061035156,459.6000061035156,8,8.0,0,1.0,5,4,2,11,542,Medium Value,0
CUST02511,721,1,460.79998779296875,460.79998779296875,5,5.0,0,1.0,2,2,2,6,222,Low Value,0
CUST00620,529,1,461.0199890136719,461.0199890136719,7,7.0,0,1.0,3,3,2,8,332,Low Value,0
CUST02613,503,1,462.3999938964844,462.3999938964844,10,10.0,0,1.0,3,3,2,8,332,Low Value,1
CUST00471,513,1,462.4800109863281,462.4800109863281,8,8.0,0,1.0,3,3,2,8,332,Low Value,0
CUST02951,116,1,464.8599853515625,464.8599853515625,2,2.0,0,1.0,5,4,2,11,542,Medium Value,0
CUST01368,858,1,466.04998779296875,466.04998779296875,13,13.0,0,1.0,1,1,2,4,112,Low Value,1
CUST02716,220,1,466.7699890136719,466.7699890136719,3,3.0,0,1.0,4,4,2,10,442,Medium Value,0
CUST00629,148,1,467.489990234375,467.489990234375,3,3.0,0,1.0,5,4,2,11,542,Medium Value,0
CUST01919,469,1,470.1000061035156,470.1000061035156,2,2.0,0,1.0,3,3,2,8,332,Low Value,0
CUST00927,936,1,471.510009765625,471.510009765625,9,9.0,0,1.0,1,1,2,4,112,Low Value,1
CUST00383,1052,1,473.6499938964844,473.6499938964844,5,5.0,0,1.0,1,1,2,4,112,Low Value,0
CUST02578,87,1,474.70001220703125,474.70001220703125,2,2.0,0,1.0,5,4,2,11,542,Medium Value,0
CUST02235,140,1,475.6000061035156,475.6000061035156,5,5.0,0,1.0,5,4,2,11,542,Medium Value,0
CUST02054,468,1,476.05999755859375,476.05999755859375,2,2.0,0,1.0,3,3,2,8,332,Low Value,0
CUST01992,748,1,478.67999267578125,478.67999267578125,3,3.0,0,1.0,2,2,2,6,222,Low Value,0
CUST01624,1083,1,480.6499938964844,480.6499938964844,5,5.0,0,1.0,1,1,2,4,112,Low Value,0
CUST00194,443,1,482.2200012207031,482.2200012207031,9,9.0,0,1.0,3,3,2,8,332,Low Value,1
CUST01064,919,1,483.29998779296875,483.29998779296875,3,3.0,0,1.0,1,1,2,4,112,Low Value,0
CUST01559,894,1,484.67999267578125,484.67999267578125,4,4.0,0,1.0,1,1,2,4,112,Low Value,0
CUST01350,688,1,485.7300109863281,485.7300109863281,9,9.0,0,1.0,2,2,2,6,222,Low Value,1
CUST02877,163,1,494.9200134277344,494.9200134277344,2,2.0,0,1.0,5,4,2,11,542,Medium Value,0
CUST02551,560,1,497.1600036621094,497.1600036621094,9,9.0,0,1.0,3,2,2,7,322,Low Value,1
CUST00814,388,1,498.55999755859375,498.55999755859375,4,4.0,0,1.0,3,3,2,8,332,Low Value,0
CUST00836,400,1,503.1600036621094,503.1600036621094,3,3.0,0,1.0,3,3,2,8,332,Low Value,0
CUST02909,446,1,503.4700012207031,503.4700012207031,11,11.0,0,1.0,3,3,2,8,332,Low Value,1
CUST00424,797,1,503.6600036621094,503.6600036621094,2,2.0,0,1.0,2,2,2,6,222,Low Value,0
CUST01747,39,1,504.3599853515625,504.3599853515625,12,12.0,0,1.0,5,4,2,11,542,Medium Value,1
CUST00691,825,1,504.5,504.5,2,2.0,0,1.0,2,2,2,6,222,Low Value,0
CUST03021,140,1,505.1099853515625,505.1099853515625,3,3.0,0,1.0,5,4,2,11,542,Medium Value,0
CUST00933,687,1,507.79998779296875,507.79998779296875,4,4.0,0,1.0,2,2,2,6,222,Low Value,0
CUST02154,953,1,507.80999755859375,507.80999755859375,3,3.0,0,1.0,1,1,2,4,112,Low Value,0
CUST03028,413,2,508.9199981689453,254.45999908447266,20,10.0,102,1.0,3,5,2,10,352,Medium Value,1
CUST02802,19,1,509.3399963378906,509.3399963378906,3,3.0,0,1.0,5,4,2,11,542,Medium Value,0
CUST02957,143,1,509.3699951171875,509.3699951171875,3,3.0,0,1.0,5,4,2,11,542,Medium Value,0
CUST03174,40,1,516.719970703125,516.719970703125,2,2.0,0,1.0,5,4,2,11,542,Medium Value,0
CUST01314,973,1,517.0499877929688,517.0499877929688,5,5.0,0,1.0,1,1,2,4,112,Low Value,0
CUST01686,545,1,517.6199951171875,517.6199951171875,2,2.0,0,1.0,3,3,2,8,332,Low Value,0
CUST02275,66,2,520.7599945068359,260.37999725341797,4,2.0,388,1.0,5,5,2,12,552,Medium Value,2
CUST03216,231,1,522.0900268554688,522.0900268554688,3,3.0,0,1.0,4,4,2,10,442,Medium Value,0
CUST03045,466,1,522.9000244140625,522.9000244140625,14,14.0,0,1.0,3,3,2,8,332,Low Value,1
CUST00969,726,1,524.2999877929688,524.2999877929688,7,7.0,0,1.0,2,2,2,6,222,Low Value,0
CUST00892,1060,1,525.2000122070312,525.2000122070312,8,8.0,0,1.0,1,1,2,4,112,Low Value,1
CUST02033,736,1,527.5,527.5,2,2.0,0,1.0,2,2,2,6,222,Low Value,0
CUST02229,844,1,531.8200073242188,531.8200073242188,2,2.0,0,1.0,2,1,2,5,212,Low Value,0
CUST00748,213,1,533.1699829101562,533.1699829101562,11,11.0,0,1.0,4,4,2,10,442,Medium Value,1
CUST01938,442,1,534.4400024414062,534.4400024414062,4,4.0,0,1.0,3,3,2,8,332,Low Value,0
CUST01965,314,1,535.02001953125,535.02001953125,2,2.0,0,1.0,4,3,2,9,432,Medium Value,0
CUST01887,802,1,535.2899780273438,535.2899780273438,3,3.0,0,1.0,2,2,2,6,222,Low Value,0
CUST02375,1066,1,537.5999755859375,537.5999755859375,3,3.0,0,1.0,1,1,2,4,112,Low Value,0
CUST00426,703,1,541.7999877929688,541.7999877929688,6,6.0,0,1.0,2,2,2,6,222,Low Value,0
CUST03195,519,1,542.780029296875,542.780029296875,14,14.0,0,1.0,3,3,2,8,332,Low Value,1
CUST00946,1055,1,543.719970703125,543.719970703125,6,6.0,0,1.0,1,1,2,4,112,Low Value,0
CUST01603,178,2,544.3199920654297,272.15999603271484,4,2.0,565,1.0,4,5,2,11,452,Medium Value,2
CUST01151,436,2,545.2199859619141,272.60999298095703,6,3.0,253,1.0,3,5,2,10,352,Medium Value,0
CUST01233,635,1,547.9000244140625,547.9000244140625,5,5.0,0,1.0,2,2,2,6,222,Low Value,0
CUST03161,558,1,551.3400268554688,551.3400268554688,3,3.0,0,1.0,3,2,2,7,322,Low Value,0
CUST02052,54,2,551.4599914550781,275.72999572753906,8,4.0,121,1.0,5,5,2,12,552,Medium Value,0
CUST00485,443,2,552.1499938964844,276.0749969482422,16,8.0,124,1.0,3,5,2,10,352,Medium Value,0
CUST03233,1070,1,552.239990234375,552.239990234375,12,12.0,0,1.0,1,1,2,4,112,Low Value,1
CUST00948,897,1,552.510009765625,552.510009765625,7,7.0,0,1.0,1,1,2,4,112,Low Value,0
CUST02967,851,1,552.5800170898438,552.5800170898438,14,14.0,0,1.0,2,1,2,5,212,Low Value,1
CUST00505,652,1,554.4600219726562,554.4600219726562,2,2.0,0,1.0,2,2,2,6,222,Low Value,0
CUST02247,6,1,555.0900268554688,555.0900268554688,3,3.0,0,1.0,5,4,2,11,542,Medium Value,0
CUST02655,373,1,555.3599853515625,555.3599853515625,8,8.0,0,1.0,4,3,2,9,432,Medium Value,0
CUST01144,173,1,555.9600219726562,555.9600219726562,3,3.0,0,1.0,4,4,2,10,442,Medium Value,0
CUST01830,1076,1,556.5,556.5,15,15.0,0,1.0,1,1,2,4,112,Low Value,1
CUST00925,428,1,556.9199829101562,556.9199829101562,4,4.0,0,1.0,3,3,2,8,332,Low Value,0
CUST02719,497,1,557.47998046875,557.47998046875,2,2.0,0,1.0,3,3,2,8,332,Low Value,0
CUST00940,101,2,559.5399932861328,279.7699966430664,4,2.0,678,1.0,5,5,2,12,552,Medium Value,2
CUST01149,722,1,564.47998046875,564.47998046875,8,8.0,0,1.0,2,2,2,6,222,Low Value,1
CUST00557,563,1,565.1400146484375,565.1400146484375,2,2.0,0,1.0,3,2,2,7,322,Low Value,0
CUST02804,877,1,565.4600219726562,565.4600219726562,7,7.0,0,1.0,1,2,2,5,122,Low Value,0
CUST00648,816,1,567.780029296875,567.780029296875,6,6.0,0,1.0,2,2,2,6,222,Low Value,0
CUST01616,435,1,568.4000244140625,568.4000244140625,2,2.0,0,1.0,3,3,2,8,332,Low Value,0
CUST02830,738,1,569.3599853515625,569.3599853515625,11,11.0,0,1.0,2,2,2,6,222,Low Value,1
CUST01068,104,1,570.3300170898438,570.3300170898438,3,3.0,0,1.0,5,4,2,11,542,Medium Value,0
CUST01976,131,1,570.5599975585938,570.5599975585938,4,4.0,0,1.0,5,4,2,11,542,Medium Value,0
CUST01286,641,1,571.4000244140625,571.4000244140625,2,2.0,0,1.0,2,2,2,6,222,Low Value,0
CUST01699,896,1,573.8800048828125,573.8800048828125,2,2.0,0,1.0,1,1,2,4,112,Low Value,0
CUST00265,499,1,574.2000122070312,574.2000122070312,11,11.0,0,1.0,3,3,2,8,332,Low Value,1
CUST02521,183,1,575.1599731445312,575.1599731445312,12,12.0,0,1.0,4,4,2,10,442,Medium Value,1
CUST00190,193,1,580.8599853515625,580.8599853515625,6,6.0,0,1.0,4,4,2,10,442,Medium Value,0
CUST02222,691,1,582.0,582.0,12,12.0,0,1.0,2,2,2,6,222,Low Value,1
CUST00125,1037,1,582.7000122070312,582.7000122070312,2,2.0,0,1.0,1,1,2,4,112,Low Value,0
CUST02577,353,1,584.7000122070312,584.7000122070312,10,10.0,0,1.0,4,3,2,9,432,Medium Value,1
CUST01822,358,1,584.9400024414062,584.9400024414062,2,2.0,0,1.0,4,3,2,9,432,Medium Value,0
CUST02148,198,1,586.4600219726562,586.4600219726562,7,7.0,0,1.0,4,4,2,10,442,Medium Value,0
CUST02697,682,1,590.25,590.25,3,3.0,0,1.0,2,2,2,6,222,Low Value,0
CUST01676,828,1,591.2999877929688,591.2999877929688,2,2.0,0,1.0,2,2,2,6,222,Low Value,0
CUST02457,888,1,592.0599975585938,592.0599975585938,7,7.0,0,1.0,1,1,2,4,112,Low Value,0
CUST02260,44,1,592.4400024414062,592.4400024414062,12,12.0,0,1.0,5,4,2,11,542,Medium Value,1
CUST01475,347,1,593.4600219726562,593.4600219726562,3,3.0,0,1.0,4,3,2,9,432,Medium Value,0
CUST00286,2,1,594.4000244140625,594.4000244140625,8,8.0,0,1.0,5,4,2,11,542,Medium Value,0
CUST00435,161,1,597.0,597.0,2,2.0,0,1.0,5,4,2,11,542,Medium Value,0
CUST02547,828,1,599.4000244140625,599.4000244140625,12,12.0,0,1.0,2,2,2,6,222,Low Value,1
CUST00760,417,1,600.5999755859375,600.5999755859375,13,13.0,0,1.0,3,3,2,8,332,Low Value,1
CUST01807,999,1,603.6599731445312,603.6599731445312,3,3.0,0,1.0,1,1,2,4,112,Low Value,0
CUST00004,937,1,608.4000244140625,608.4000244140625,6,6.0,0,1.0,1,1,2,4,112,Low Value,0
CUST01307,434,1,609.760009765625,609.760009765625,8,8.0,0,1.0,3,3,2,8,332,Low Value,0
CUST02330,62,1,610.6799926757812,610.6799926757812,12,12.0,0,1.0,5,4,2,11,542,Medium Value,1
CUST01423,645,1,613.4000244140625,613.4000244140625,4,4.0,0,1.0,2,2,2,6,222,Low Value,0
CUST02475,857,1,614.47998046875,614.47998046875,4,4.0,0,1.0,1,1,2,4,112,Low Value,0
CUST00141,594,1,617.2000122070312,617.2000122070312,10,10.0,0,1.0,3,2,2,7,322,Low Value,1
CUST02670,419,2,618.6199951171875,309.30999755859375,5,2.5,565,1.0,3,5,2,10,352,Medium Value,2
CUST01261,1069,1,622.0499877929688,622.0499877929688,3,3.0,0,1.0,1,1,2,4,112,Low Value,0
CUST02231,723,1,622.510009765625,622.510009765625,7,7.0,0,1.0,2,2,2,6,222,Low Value,0
CUST03229,370,1,628.4000244140625,628.4000244140625,10,10.0,0,1.0,4,3,2,9,432,Medium Value,1
CUST01526,1004,1,629.6400146484375,629.6400146484375,11,11.0,0,1.0,1,2,2,5,122,Low Value,1
CUST01831,648,1,630.5999755859375,630.5999755859375,5,5.0,0,1.0,2,2,2,6,222,Low Value,0
CUST02714,960,1,631.2000122070312,631.2000122070312,3,3.0,0,1.0,1,1,2,4,112,Low Value,0
CUST00882,240,2,632.2099990844727,316.1049995422363,11,5.5,562,1.0,4,5,2,11,452,Medium Value,2
CUST02005,338,1,634.9500122070312,634.9500122070312,9,9.0,0,1.0,4,3,2,9,432,Medium Value,1
CUST02352,433,1,635.0399780273438,635.0399780273438,9,9.0,0,1.0,3,3,2,8,332,Low Value,1
CUST00567,580,1,636.6300048828125,636.6300048828125,3,3.0,0,1.0,3,2,2,7,322,Low Value,0
CUST02705,141,2,636.8300018310547,318.41500091552734,4,2.0,240,1.0,5,5,2,12,552,Medium Value,0
CUST00327,135,2,637.3700294494629,318.68501472473145,13,6.5,48,1.0,5,5,2,12,552,Medium Value,0
CUST01803,737,1,639.5999755859375,639.5999755859375,12,12.0,0,1.0,2,2,2,6,222,Low Value,1
CUST00078,227,1,640.4400024414062,640.4400024414062,6,6.0,0,1.0,4,4,2,10,442,Medium Value,0
CUST02991,750,1,641.4000244140625,641.4000244140625,3,3.0,0,1.0,2,2,2,6,222,Low Value,0
CUST01562,116,1,645.4199829101562,645.4199829101562,3,3.0,0,1.0,5,4,2,11,542,Medium Value,0
CUST02514,544,1,645.7999877929688,645.7999877929688,5,5.0,0,1.0,3,3,2,8,332,Low Value,0
CUST00519,1071,1,647.4000244140625,647.4000244140625,5,5.0,0,1.0,1,1,2,4,112,Low Value,0
CUST02491,952,1,647.5999755859375,647.5999755859375,4,4.0,0,1.0,1,1,2,4,112,Low Value,0
CUST02499,556,1,649.6500244140625,649.6500244140625,3,3.0,0,1.0,3,2,2,7,322,Low Value,0
CUST02285,285,1,650.0399780273438,650.0399780273438,3,3.0,0,1.0,4,4,2,10,442,Medium Value,0
CUST00469,995,1,650.0999755859375,650.0999755859375,6,6.0,0,1.0,1,1,2,4,112,Low Value,0
CUST01867,916,1,650.239990234375,650.239990234375,8,8.0,0,1.0,1,1,2,4,112,Low Value,1
CUST02529,376,1,650.7000122070312,650.7000122070312,9,9.0,0,1.0,4,3,2,9,432,Medium Value,1
CUST01053,402,1,652.7100219726562,652.7100219726562,3,3.0,0,1.0,3,3,2,8,332,Low Value,0
CUST01165,868,1,655.5,655.5,6,6.0,0,1.0,1,1,2,4,112,Low Value,0
CUST02901,4,2,656.3999938964844,328.1999969482422,6,3.0,877,1.0,5,5,2,12,552,Medium Value,2
CUST01540,212,2,656.9600296020508,328.4800148010254,4,2.0,135,1.0,4,5,2,11,452,Medium Value,0
CUST00865,962,1,659.5999755859375,659.5999755859375,8,8.0,0,1.0,1,1,2,4,112,Low Value,1
CUST02042,422,1,659.5999755859375,659.5999755859375,4,4.0,0,1.0,3,3,2,8,332,Low Value,0
CUST02402,26,2,659.9499969482422,329.9749984741211,11,5.5,144,1.0,5,5,2,12,552,Medium Value,2
CUST00299,347,1,662.5599975585938,662.5599975585938,8,8.0,0,1.0,4,3,2,9,432,Medium Value,0
CUST02954,178,1,664.6199951171875,664.6199951171875,6,6.0,0,1.0,4,4,2,10,442,Medium Value,0
CUST00752,358,1,665.280029296875,665.280029296875,12,12.0,0,1.0,4,3,2,9,432,Medium Value,1
CUST02729,832,1,665.3400268554688,665.3400268554688,6,6.0,0,1.0,2,2,2,6,222,Low Value,0
CUST01561,633,1,668.9600219726562,668.9600219726562,8,8.0,0,1.0,2,2,2,6,222,Low Value,1
CUST00402,606,2,671.1900043487549,335.59500217437744,5,2.5,174,1.0,3,5,2,10,352,Medium Value,0
CUST02265,112,1,672.6500244140625,672.6500244140625,5,5.0,0,1.0,5,4,2,11,542,Medium Value,0
CUST01743,441,1,672.8400268554688,672.8400268554688,12,12.0,0,1.0,3,3,2,8,332,Low Value,1
CUST00910,795,1,674.0,674.0,5,5.0,0,1.0,2,2,2,6,222,Low Value,0
CUST01672,146,1,675.1799926757812,675.1799926757812,6,6.0,0,1.0,5,4,2,11,542,Medium Value,0
CUST02223,12,1,675.719970703125,675.719970703125,12,12.0,0,1.0,5,4,2,11,542,Medium Value,1
CUST02382,164,1,675.8099975585938,675.8099975585938,9,9.0,0,1.0,5,4,2,11,542,Medium Value,1
CUST01241,722,1,676.9099731445312,676.9099731445312,13,13.0,0,1.0,2,2,2,6,222,Low Value,1
CUST01441,365,1,680.760009765625,680.760009765625,4,4.0,0,1.0,4,3,2,9,432,Medium Value,0
CUST03245,928,1,681.6500244140625,681.6500244140625,5,5.0,0,1.0,1,1,2,4,112,Low Value,0
CUST02263,735,1,686.52001953125,686.52001953125,12,12.0,0,1.0,2,2,2,6,222,Low Value,1
CUST02466,225,1,689.4299926757812,689.4299926757812,3,3.0,0,1.0,4,4,2,10,442,Medium Value,0
CUST01991,363,1,690.2999877929688,690.2999877929688,3,3.0,0,1.0,4,3,2,9,432,Medium Value,0
CUST01569,169,1,694.0999755859375,694.0999755859375,5,5.0,0,1.0,5,4,2,11,542,Medium Value,0
CUST01338,636,1,694.3300170898438,694.3300170898438,13,13.0,0,1.0,2,2,2,6,222,Low Value,1
CUST02166,85,1,695.6400146484375,695.6400146484375,11,11.0,0,1.0,5,4,2,11,542,Medium Value,1
CUST01020,513,1,697.4099731445312,697.4099731445312,7,7.0,0,1.0,3,3,2,8,332,Low Value,0
CUST00387,763,1,698.280029296875,698.280029296875,4,4.0,0,1.0,2,2,2,6,222,Low Value,0
CUST02947,891,1,698.7000122070312,698.7000122070312,15,15.0,0,1.0,1,1,2,4,112,Low Value,1
CUST01313,36,1,700.2000122070312,700.2000122070312,4,4.0,0,1.0,5,4,2,11,542,Medium Value,0
CUST02765,1054,1,702.1199951171875,702.1199951171875,12,12.0,0,1.0,1,1,2,4,112,Low Value,1
CUST01240,468,1,702.47998046875,702.47998046875,6,6.0,0,1.0,3,3,2,8,332,Low Value,0
CUST00987,345,1,703.219970703125,703.219970703125,14,14.0,0,1.0,4,3,2,9,432,Medium Value,1
CUST01915,678,1,703.780029296875,703.780029296875,14,14.0,0,1.0,2,2,2,6,222,Low Value,1
CUST02843,807,1,704.4400024414062,704.4400024414062,11,11.0,0,1.0,2,2,2,6,222,Low Value,1
CUST00528,286,1,707.52001953125,707.52001953125,12,12.0,0,1.0,4,3,2,9,432,Medium Value,1
CUST01134,198,1,710.7000122070312,710.7000122070312,10,10.0,0,1.0,4,4,2,10,442,Medium Value,1
CUST02188,925,1,712.1699829101562,712.1699829101562,3,3.0,0,1.0,1,1,2,4,112,Low Value,0
CUST01945,142,1,712.6500244140625,712.6500244140625,15,15.0,0,1.0,5,4,2,11,542,Medium Value,1
CUST02565,341,1,713.3699951171875,713.3699951171875,7,7.0,0,1.0,4,3,2,9,432,Medium Value,0
CUST02468,520,1,714.239990234375,714.239990234375,9,9.0,0,1.0,3,3,2,8,332,Low Value,1
CUST02870,528,1,715.0,715.0,11,11.0,0,1.0,3,3,2,8,332,Low Value,1
CUST00289,18,1,716.2100219726562,716.2100219726562,11,11.0,0,1.0,5,4,2,11,542,Medium Value,1
CUST00220,1039,1,716.75,716.75,5,5.0,0,1.0,1,1,2,4,112,Low Value,0
CUST00840,348,1,717.2100219726562,717.2100219726562,13,13.0,0,1.0,4,3,2,9,432,Medium Value,1
CUST00730,634,1,717.719970703125,717.719970703125,4,4.0,0,1.0,2,2,2,6,222,Low Value,0
CUST00049,264,1,717.75,717.75,3,3.0,0,1.0,4,4,2,10,442,Medium Value,0
CUST00695,655,1,718.0,718.0,8,8.0,0,1.0,2,2,2,6,222,Low Value,1
CUST00251,203,1,718.7999877929688,718.7999877929688,6,6.0,0,1.0,4,4,2,10,442,Medium Value,0
CUST02446,931,1,719.3400268554688,719.3400268554688,6,6.0,0,1.0,1,1,2,4,112,Low Value,0
CUST00893,369,1,721.2000122070312,721.2000122070312,6,6.0,0,1.0,4,3,2,9,432,Medium Value,0
CUST00016,673,1,722.1599731445312,722.1599731445312,6,6.0,0,1.0,2,2,2,6,222,Low Value,0
CUST02738,957,1,722.4299926757812,722.4299926757812,9,9.0,0,1.0,1,1,2,4,112,Low Value,1
CUST01204,318,1,723.5399780273438,723.5399780273438,3,3.0,0,1.0,4,3,2,9,432,Medium Value,0
CUST02318,790,1,725.27001953125,725.27001953125,13,13.0,0,1.0,2,2,2,6,222,Low Value,1
CUST01089,314,1,726.47998046875,726.47998046875,6,6.0,0,1.0,4,3,2,9,432,Medium Value,0
CUST00738,240,1,727.219970703125,727.219970703125,13,13.0,0,1.0,4,4,2,10,442,Medium Value,1
CUST02435,802,1,729.3200073242188,729.3200073242188,4,4.0,0,1.0,2,2,2,6,222,Low Value,0
CUST01417,423,1,729.8499755859375,729.8499755859375,11,11.0,0,1.0,3,3,2,8,332,Low Value,1
CUST02612,3,1,730.8599853515625,730.8599853515625,6,6.0,0,1.0,5,4,2,11,542,Medium Value,0
CUST02145,203,1,731.0,731.0,5,5.0,0,1.0,4,4,2,10,442,Medium Value,0
CUST01913,11,1,732.4000244140625,732.4000244140625,8,8.0,0,1.0,5,4,2,11,542,Medium Value,0
CUST02548,713,1,732.9600219726562,732.9600219726562,12,12.0,0,1.0,2,2,2,6,222,Low Value,1
CUST02533,392,1,739.2000122070312,739.2000122070312,10,10.0,0,1.0,3,3,2,8,332,Low Value,1
CUST01767,610,1,742.5,742.5,9,9.0,0,1.0,2,2,2,6,222,Low Value,1
CUST00003,277,1,742.9600219726562,742.9600219726562,4,4.0,0,1.0,4,4,2,10,442,Medium Value,0
CUST00263,770,1,746.6199951171875,746.6199951171875,14,14.0,0,1.0,2,2,2,6,222,Low Value,1
CUST02739,351,1,749.7000122070312,749.7000122070312,15,15.0,0,1.0,4,3,2,9,432,Medium Value,1
CUST01406,751,1,751.469970703125,751.469970703125,3,3.0,0,1.0,2,2,2,6,222,Low Value,0
CUST01335,682,1,751.5999755859375,751.5999755859375,10,10.0,0,1.0,2,2,2,6,222,Low Value,1
CUST00023,19,2,754.4499969482422,377.2249984741211,3,1.5,429,1.0,5,5,2,12,552,Medium Value,2
CUST00398,656,1,755.4299926757812,755.4299926757812,3,3.0,0,1.0,2,2,2,6,222,Low Value,0
CUST02635,807,1,756.9000244140625,756.9000244140625,6,6.0,0,1.0,2,2,2,6,222,Low Value,0
CUST00610,1016,1,757.4400024414062,757.4400024414062,3,3.0,0,1.0,1,1,2,4,112,Low Value,0
CUST00809,144,1,757.77001953125,757.77001953125,3,3.0,0,1.0,5,4,2,11,542,Medium Value,0
CUST01479,608,1,760.1099853515625,760.1099853515625,13,13.0,0,1.0,2,2,2,6,222,Low Value,1
CUST02202,1021,1,760.2000122070312,760.2000122070312,15,15.0,0,1.0,1,1,2,4,112,Low Value,1
CUST01963,686,1,760.3400268554688,760.3400268554688,7,7.0,0,1.0,2,2,2,6,222,Low Value,0
CUST00093,120,2,760.5500183105469,380.27500915527344,12,6.0,208,1.0,5,5,2,12,552,Medium Value,2
CUST03237,427,1,760.8599853515625,760.8599853515625,6,6.0,0,1.0,3,3,2,8,332,Low Value,0
CUST01654,736,1,762.5999755859375,762.5999755859375,6,6.0,0,1.0,2,2,2,6,222,Low Value,0
CUST00407,404,1,765.1199951171875,765.1199951171875,12,12.0,0,1.0,3,3,2,8,332,Low Value,1
CUST02483,1047,1,765.239990234375,765.239990234375,4,4.0,0,1.0,1,1,2,4,112,Low Value,0
CUST00066,863,1,771.0800170898438,771.0800170898438,4,4.0,0,1.0,1,1,2,4,112,Low Value,0
CUST00318,759,1,771.7000122070312,771.7000122070312,5,5.0,0,1.0,2,2,2,6,222,Low Value,0
CUST00926,196,1,771.8900146484375,771.8900146484375,7,7.0,0,1.0,4,4,2,10,442,Medium Value,0
CUST03159,1061,1,772.4500122070312,772.4500122070312,5,5.0,0,1.0,1,1,2,4,112,Low Value,0
CUST00440,698,1,772.5599975585938,772.5599975585938,8,8.0,0,1.0,2,2,2,6,222,Low Value,1
CUST02817,320,1,775.2000122070312,775.2000122070312,4,4.0,0,1.0,4,3,2,9,432,Medium Value,0
CUST02693,1061,1,775.77001953125,775.77001953125,3,3.0,0,1.0,1,1,2,4,112,Low Value,0
CUST01450,170,1,776.0700073242188,776.0700073242188,9,9.0,0,1.0,4,4,2,10,442,Medium Value,1
CUST03284,403,1,776.0800170898438,776.0800170898438,8,8.0,0,1.0,3,3,2,8,332,Low Value,0
CUST02610,894,1,779.5,779.5,5,5.0,0,1.0,1,1,2,4,112,Low Value,0
CUST00555,16,1,783.030029296875,783.030029296875,3,3.0,0,1.0,5,4,2,11,542,Medium Value,0
CUST00553,1058,1,783.0399780273438,783.0399780273438,4,4.0,0,1.0,1,1,2,4,112,Low Value,0
CUST00457,806,2,787.7000122070312,393.8500061035156,10,5.0,154,1.0,2,5,2,9,252,Medium Value,0
CUST01128,586,2,788.2899780273438,394.1449890136719,11,5.5,127,1.0,3,5,2,10,352,Medium Value,0
CUST00080,1073,1,788.3599853515625,788.3599853515625,4,4.0,0,1.0,1,1,2,4,112,Low Value,0
CUST01310,82,1,788.7000122070312,788.7000122070312,6,6.0,0,1.0,5,4,2,11,542,Medium Value,0
CUST02131,303,1,789.0399780273438,789.0399780273438,8,8.0,0,1.0,4,3,2,9,432,Medium Value,0
CUST03171,698,1,791.2000122070312,791.2000122070312,4,4.0,0,1.0,2,2,2,6,222,Low Value,0
CUST00113,44,1,794.5,794.5,7,7.0,0,1.0,5,4,2,11,542,Medium Value,0
CUST02221,445,1,798.1199951171875,798.1199951171875,6,6.0,0,1.0,3,3,2,8,332,Low Value,0
CUST00534,551,1,798.1599731445312,798.1599731445312,4,4.0,0,1.0,3,3,2,8,332,Low Value,0
CUST01579,264,2,798.3999938964844,399.1999969482422,4,2.0,86,1.0,4,5,2,11,452,Medium Value,0
CUST00537,592,1,798.8099975585938,798.8099975585938,3,3.0,0,1.0,3,2,2,7,322,Low Value,0
CUST02860,135,2,799.6199798583984,399.8099899291992,8,4.0,536,1.0,5,5,2,12,552,Medium Value,2
CUST01288,121,2,800.0800170898438,400.0400085449219,16,8.0,319,1.0,5,5,2,12,552,Medium Value,2
CUST01759,988,1,801.7000122070312,801.7000122070312,10,10.0,0,1.0,1,1,2,4,112,Low Value,1
CUST02490,336,2,803.0199890136719,401.50999450683594,8,4.0,667,1.0,4,5,2,11,452,Medium Value,2
CUST03151,800,1,806.9400024414062,806.9400024414062,9,9.0,0,1.0,2,2,2,6,222,Low Value,1
CUST02786,633,1,807.2999877929688,807.2999877929688,13,13.0,0,1.0,2,2,2,6,222,Low Value,1
CUST00341,511,1,807.3599853515625,807.3599853515625,4,4.0,0,1.0,3,3,2,8,332,Low Value,0
CUST00626,738,1,808.75,808.75,5,5.0,0,1.0,2,2,2,6,222,Low Value,0
CUST02000,954,1,814.1099853515625,814.1099853515625,3,3.0,0,1.0,1,1,2,4,112,Low Value,0
CUST02127,16,1,814.2000122070312,814.2000122070312,4,4.0,0,1.0,5,4,2,11,542,Medium Value,0
CUST01703,775,1,815.6400146484375,815.6400146484375,3,3.0,0,1.0,2,2,2,6,222,Low Value,0
CUST03138,683,1,820.0499877929688,820.0499877929688,7,7.0,0,1.0,2,2,2,6,222,Low Value,0
CUST00641,138,1,820.1400146484375,820.1400146484375,6,6.0,0,1.0,5,4,2,11,542,Medium Value,0
CUST00161,1060,1,820.5599975585938,820.5599975585938,3,3.0,0,1.0,1,1,2,4,112,Low Value,0
CUST00022,991,1,821.72998046875,821.72998046875,7,7.0,0,1.0,1,1,2,4,112,Low Value,0
CUST00014,339,1,825.9000244140625,825.9000244140625,6,6.0,0,1.0,4,3,2,9,432,Medium Value,0
CUST02946,32,1,827.0499877929688,827.0499877929688,5,5.0,0,1.0,5,4,2,11,542,Medium Value,0
CUST00456,226,1,827.219970703125,827.219970703125,6,6.0,0,1.0,4,4,2,10,442,Medium Value,0
CUST00928,115,1,827.8800048828125,827.8800048828125,3,3.0,0,1.0,5,4,2,11,542,Medium Value,0
CUST03145,994,1,828.75,828.75,15,15.0,0,1.0,1,1,2,4,112,Low Value,1
CUST00621,239,1,828.7999877929688,828.7999877929688,7,7.0,0,1.0,4,4,2,10,442,Medium Value,0
CUST02993,114,1,831.75,831.75,5,5.0,0,1.0,5,4,2,11,542,Medium Value,0
CUST02464,560,1,833.5999755859375,833.5999755859375,4,4.0,0,1.0,3,2,2,7,322,Low Value,0
CUST03067,658,1,834.7999877929688,834.7999877929688,4,4.0,0,1.0,2,2,2,6,222,Low Value,0
CUST01312,437,2,835.1000061035156,417.5500030517578,17,8.5,129,1.0,3,5,2,10,352,Medium Value,1
CUST02902,348,1,836.5499877929688,836.5499877929688,15,15.0,0,1.0,4,3,2,9,432,Medium Value,1
CUST01248,888,1,837.2000122070312,837.2000122070312,7,7.0,0,1.0,1,1,2,4,112,Low Value,0
CUST02186,236,1,840.0599975585938,840.0599975585938,9,9.0,0,1.0,4,4,2,10,442,Medium Value,1
CUST01952,418,2,840.1099700927734,420.0549850463867,17,8.5,19,1.0,3,5,2,10,352,Medium Value,1
CUST02935,471,1,841.75,841.75,7,7.0,0,1.0,3,3,2,8,332,Low Value,0
CUST00763,757,1,842.5900268554688,842.5900268554688,7,7.0,0,1.0,2,2,2,6,222,Low Value,0
CUST01153,527,1,844.260009765625,844.260009765625,3,3.0,0,1.0,3,3,2,8,332,Low Value,0
CUST01090,950,1,844.739990234375,844.739990234375,3,3.0,0,1.0,1,1,2,4,112,Low Value,0
CUST02053,99,1,844.9199829101562,844.9199829101562,3,3.0,0,1.0,5,4,2,11,542,Medium Value,0
CUST02777,453,2,846.8000106811523,423.4000053405762,8,4.0,90,1.0,3,5,2,10,352,Medium Value,0
CUST03154,326,1,847.0,847.0,14,14.0,0,1.0,4,3,2,9,432,Medium Value,1
CUST02888,725,1,847.280029296875,847.280029296875,7,7.0,0,1.0,2,2,2,6,222,Low Value,0
CUST02734,112,1,848.5399780273438,848.5399780273438,7,7.0,0,1.0,5,4,2,11,542,Medium Value,0
CUST00332,685,1,849.5399780273438,849.5399780273438,6,6.0,0,1.0,2,2,2,6,222,Low Value,0
CUST03271,418,1,850.3200073242188,850.3200073242188,3,3.0,0,1.0,3,3,2,8,332,Low Value,0
CUST02573,753,2,851.939998626709,425.9699993133545,12,6.0,97,1.0,2,5,2,9,252,Medium Value,0
CUST01431,191,1,852.0599975585938,852.0599975585938,6,6.0,0,1.0,4,4,2,10,442,Medium Value,0
CUST00644,811,1,855.1500244140625,855.1500244140625,5,5.0,0,1.0,2,2,2,6,222,Low Value,0
CUST00284,352,1,856.6799926757812,856.6799926757812,3,3.0,0,1.0,4,3,2,9,432,Medium Value,0
CUST01050,494,1,857.9000244140625,857.9000244140625,5,5.0,0,1.0,3,3,2,8,332,Low Value,0
CUST01096,696,1,858.2000122070312,858.2000122070312,7,7.0,0,1.0,2,2,2,6,222,Low Value,0
CUST01650,297,2,860.4400329589844,430.2200164794922,12,6.0,305,1.0,4,5,2,11,452,Medium Value,2
CUST01566,1033,1,864.5,864.5,14,14.0,0,1.0,1,1,2,4,112,Low Value,1
CUST02768,244,1,865.0399780273438,865.0399780273438,4,4.0,0,1.0,4,4,2,10,442,Medium Value,0
CUST00493,736,1,865.4099731445312,865.4099731445312,3,3.0,0,1.0,2,2,2,6,222,Low Value,0
CUST03034,45,1,865.5,865.5,10,10.0,0,1.0,5,4,2,11,542,Medium Value,1
CUST02132,421,1,865.9000244140625,865.9000244140625,5,5.0,0,1.0,3,3,2,8,332,Low Value,0
CUST02815,749,1,866.0399780273438,866.0399780273438,7,7.0,0,1.0,2,2,2,6,222,Low Value,0
CUST01284,876,1,870.9600219726562,870.9600219726562,4,4.0,0,1.0,1,2,2,5,122,Low Value,0
CUST00838,262,1,872.969970703125,872.969970703125,3,3.0,0,1.0,4,4,2,10,442,Medium Value,0
CUST01518,432,1,875.7000122070312,875.7000122070312,14,14.0,0,1.0,3,3,2,8,332,Low Value,1
CUST03275,26,1,876.8200073242188,876.8200073242188,7,7.0,0,1.0,5,4,2,11,542,Medium Value,0
CUST02622,175,1,877.1400146484375,877.1400146484375,11,11.0,0,1.0,4,4,2,10,442,Medium Value,1
CUST00352,426,1,877.1500244140625,877.1500244140625,5,5.0,0,1.0,3,3,2,8,332,Low Value,0
CUST02340,229,1,877.9199829101562,877.9199829101562,6,6.0,0,1.0,4,4,2,10,442,Medium Value,0
CUST00890,1075,1,878.9199829101562,878.9199829101562,4,4.0,0,1.0,1,1,2,4,112,Low Value,0
CUST01141,364,1,879.8400268554688,879.8400268554688,4,4.0,0,1.0,4,3,2,9,432,Medium Value,0
CUST00007,562,1,880.280029296875,880.280029296875,4,4.0,0,1.0,3,2,2,7,322,Low Value,0
CUST01161,104,1,882.4500122070312,882.4500122070312,3,3.0,0,1.0,5,4,3,12,543,Medium Value,0
CUST01832,1024,1,888.2999877929688,888.2999877929688,6,6.0,0,1.0,1,1,3,5,113,Low Value,0
CUST01599,790,1,888.9000244140625,888.9000244140625,15,15.0,0,1.0,2,2,3,7,223,Low Value,1
CUST02487,741,1,892.010009765625,892.010009765625,7,7.0,0,1.0,2,2,3,7,223,Low Value,0
CUST01230,463,2,892.9500122070312,446.4750061035156,9,4.5,390,1.0,3,5,3,11,353,Medium Value,2
CUST02037,788,1,894.4500122070312,894.4500122070312,15,15.0,0,1.0,2,2,3,7,223,Low Value,1
CUST02661,787,1,895.6799926757812,895.6799926757812,9,9.0,0,1.0,2,2,3,7,223,Low Value,1
CUST00542,642,1,898.8400268554688,898.8400268554688,4,4.0,0,1.0,2,2,3,7,223,Low Value,0
CUST00344,194,1,899.7999877929688,899.7999877929688,5,5.0,0,1.0,4,4,3,11,443,Medium Value,0
CUST02496,387,1,900.7999877929688,900.7999877929688,5,5.0,0,1.0,3,3,3,9,333,Medium Value,0
CUST00150,398,1,901.8900146484375,901.8900146484375,9,9.0,0,1.0,3,3,3,9,333,Medium Value,1
CUST01613,461,1,902.8499755859375,902.8499755859375,15,15.0,0,1.0,3,3,3,9,333,Medium Value,1
CUST00737,869,1,904.5,904.5,9,9.0,0,1.0,1,1,3,5,113,Low Value,1
CUST02858,297,1,904.8200073242188,904.8200073242188,7,7.0,0,1.0,4,3,3,10,433,Medium Value,0
CUST00072,213,1,905.25,905.25,5,5.0,0,1.0,4,4,3,11,443,Medium Value,0
CUST03230,514,1,905.2999877929688,905.2999877929688,10,10.0,0,1.0,3,3,3,9,333,Medium Value,1
CUST02049,565,1,906.239990234375,906.239990234375,4,4.0,0,1.0,3,2,3,8,323,Low Value,0
CUST01876,70,1,909.2000122070312,909.2000122070312,4,4.0,0,1.0,5,4,3,12,543,Medium Value,0
CUST01797,786,1,909.8800048828125,909.8800048828125,4,4.0,0,1.0,2,2,3,7,223,Low Value,0
CUST02119,26,1,910.5599975585938,910.5599975585938,6,6.0,0,1.0,5,4,3,12,543,Medium Value,0
CUST01500,8,2,912.25,456.125,17,8.5,262,1.0,5,5,3,13,553,High Value,2
CUST02486,824,1,912.4400024414062,912.4400024414062,4,4.0,0,1.0,2,2,3,7,223,Low Value,0
CUST02187,1034,1,912.47998046875,912.47998046875,12,12.0,0,1.0,1,1,3,5,113,Low Value,1
CUST00651,1051,1,913.989990234375,913.989990234375,7,7.0,0,1.0,1,1,3,5,113,Low Value,0
CUST02001,588,1,916.6799926757812,916.6799926757812,12,12.0,0,1.0,3,2,3,8,323,Low Value,1
CUST02751,147,1,920.5999755859375,920.5999755859375,4,4.0,0,1.0,5,4,3,12,543,Medium Value,0
CUST00077,200,1,920.7999877929688,920.7999877929688,4,4.0,0,1.0,4,4,3,11,443,Medium Value,0
CUST02157,1073,1,923.0399780273438,923.0399780273438,4,4.0,0,1.0,1,1,3,5,113,Low Value,0
CUST01580,851,1,924.0,924.0,12,12.0,0,1.0,1,1,3,5,113,Low Value,1
CUST02920,212,2,924.0,462.0,18,9.0,772,1.0,4,5,3,12,453,Medium Value,2
CUST03069,448,1,925.3599853515625,925.3599853515625,4,4.0,0,1.0,3,3,3,9,333,Medium Value,0
CUST00866,959,1,927.719970703125,927.719970703125,12,12.0,0,1.0,1,1,3,5,113,Low Value,1
CUST00417,717,1,929.0399780273438,929.0399780273438,7,7.0,0,1.0,2,2,3,7,223,Low Value,0
CUST02068,23,2,930.4199829101562,465.2099914550781,14,7.0,412,1.0,5,5,3,13,553,High Value,2
CUST02317,426,1,931.4000244140625,931.4000244140625,4,4.0,0,1.0,3,3,3,9,333,Medium Value,0
CUST00772,225,1,934.47998046875,934.47998046875,4,4.0,0,1.0,4,4,3,11,443,Medium Value,0
CUST03155,384,1,935.52001953125,935.52001953125,12,12.0,0,1.0,3,3,3,9,333,Medium Value,1
CUST01247,904,1,935.8300170898438,935.8300170898438,7,7.0,0,1.0,1,1,3,5,113,Low Value,0
CUST02044,581,1,938.47998046875,938.47998046875,8,8.0,0,1.0,3,2,3,8,323,Low Value,1
CUST01906,418,1,938.7000122070312,938.7000122070312,5,5.0,0,1.0,3,3,3,9,333,Medium Value,0
CUST01664,429,1,940.0499877929688,940.0499877929688,5,5.0,0,1.0,3,3,3,9,333,Medium Value,0
CUST02847,150,2,940.780029296875,470.3900146484375,13,6.5,771,1.0,5,5,3,13,553,High Value,2
CUST02472,490,1,941.760009765625,941.760009765625,12,12.0,0,1.0,3,3,3,9,333,Medium Value,1
CUST01780,301,1,942.3499755859375,942.3499755859375,5,5.0,0,1.0,4,3,3,10,433,Medium Value,0
CUST00240,225,1,943.1500244140625,943.1500244140625,5,5.0,0,1.0,4,4,3,11,443,Medium Value,0
CUST01541,109,1,944.1900024414062,944.1900024414062,13,13.0,0,1.0,5,4,3,12,543,Medium Value,1
CUST02240,94,2,949.6099872589111,474.80499362945557,6,3.0,656,1.0,5,5,3,13,553,High Value,2
CUST01888,573,1,954.1599731445312,954.1599731445312,8,8.0,0,1.0,3,2,3,8,323,Low Value,1
CUST02812,126,3,955.5700073242188,318.52333577473956,23,7.666666666666667,878,1.0,5,5,3,13,553,High Value,2
CUST00903,870,1,958.02001953125,958.02001953125,14,14.0,0,1.0,1,1,3,5,113,Low Value,1
CUST02298,503,2,958.2300109863281,479.11500549316406,4,2.0,193,1.0,3,5,3,11,353,Medium Value,0
CUST03013,838,1,959.4500122070312,959.4500122070312,5,5.0,0,1.0,2,1,3,6,213,Low Value,0
CUST01191,124,1,960.8400268554688,960.8400268554688,6,6.0,0,1.0,5,4,3,12,543,Medium Value,0
CUST01129,19,1,962.5,962.5,11,11.0,0,1.0,5,4,3,12,543,Medium Value,1
CUST01700,19,1,963.0,963.0,5,5.0,0,1.0,5,4,3,12,543,Medium Value,0
CUST00819,1009,1,965.3599853515625,965.3599853515625,11,11.0,0,1.0,1,1,3,5,113,Low Value,1
CUST03000,16,1,966.0800170898438,966.0800170898438,8,8.0,0,1.0,5,4,3,12,543,Medium Value,0
CUST00062,261,1,969.5399780273438,969.5399780273438,6,6.0,0,1.0,4,4,3,11,443,Medium Value,0
CUST03016,71,1,970.1300048828125,970.1300048828125,7,7.0,0,1.0,5,4,3,12,543,Medium Value,0
CUST00949,360,2,970.1499938964844,485.0749969482422,5,2.5,520,1.0,4,5,3,12,453,Medium Value,2
CUST02476,4,1,971.9400024414062,971.9400024414062,6,6.0,0,1.0,5,4,3,12,543,Medium Value,0
CUST02646,642,1,972.5800170898438,972.5800170898438,7,7.0,0,1.0,2,2,3,7,223,Low Value,0
CUST02454,453,2,975.5599670410156,487.7799835205078,26,13.0,585,1.0,3,5,3,11,353,Medium Value,2
CUST02527,1006,2,978.5599670410156,489.2799835205078,16,8.0,37,1.0,1,5,3,9,153,Medium Value,1
CUST00704,25,1,978.780029296875,978.780029296875,6,6.0,0,1.0,5,4,3,12,543,Medium Value,0
CUST00922,116,1,979.7999877929688,979.7999877929688,5,5.0,0,1.0,5,4,3,12,543,Medium Value,0
CUST00029,636,1,980.280029296875,980.280029296875,6,6.0,0,1.0,2,2,3,7,223,Low Value,0
CUST01443,436,2,981.8700256347656,490.9350128173828,11,5.5,226,1.0,3,5,3,11,353,Medium Value,0
CUST02078,878,1,985.6799926757812,985.6799926757812,12,12.0,0,1.0,1,1,3,5,113,Low Value,1
CUST00399,80,2,995.8800048828125,497.94000244140625,8,4.0,215,1.0,5,5,3,13,553,High Value,2
CUST02363,862,1,996.780029296875,996.780029296875,6,6.0,0,1.0,1,1,3,5,113,Low Value,0
CUST01977,920,1,997.4400024414062,997.4400024414062,6,6.0,0,1.0,1,1,3,5,113,Low Value,0
CUST02749,122,1,1002.1599731445312,1002.1599731445312,8,8.0,0,1.0,5,4,3,12,543,Medium Value,0
CUST00296,484,2,1002.9299774169922,501.4649887084961,9,4.5,579,1.0,3,5,3,11,353,Medium Value,2
CUST00351,17,1,1004.2999877929688,1004.2999877929688,5,5.0,0,1.0,5,4,3,12,543,Medium Value,0
CUST01979,328,1,1005.0599975585938,1005.0599975585938,14,14.0,0,1.0,4,3,3,10,433,Medium Value,1
CUST00463,797,1,1005.6500244140625,1005.6500244140625,5,5.0,0,1.0,2,2,3,7,223,Low Value,0
CUST01899,356,1,1007.9000244140625,1007.9000244140625,5,5.0,0,1.0,4,3,3,10,433,Medium Value,0
CUST00802,1012,1,1008.280029296875,1008.280029296875,7,7.0,0,1.0,1,1,3,5,113,Low Value,0
CUST02892,775,1,1009.0499877929688,1009.0499877929688,7,7.0,0,1.0,2,2,3,7,223,Low Value,0
CUST03202,971,1,1009.0499877929688,1009.0499877929688,7,7.0,0,1.0,1,1,3,5,113,Low Value,0
CUST00990,206,2,1022.9599914550781,511.47999572753906,12,6.0,186,1.0,4,5,3,12,453,Medium Value,2
CUST00598,246,1,1023.9199829101562,1023.9199829101562,8,8.0,0,1.0,4,4,3,11,443,Medium Value,0
CUST00596,201,1,1023.9600219726562,1023.9600219726562,6,6.0,0,1.0,4,4,3,11,443,Medium Value,0
CUST01474,751,1,1024.239990234375,1024.239990234375,7,7.0,0,1.0,2,2,3,7,223,Low Value,0
CUST01621,383,1,1025.0400390625,1025.0400390625,4,4.0,0,1.0,3,3,3,9,333,Medium Value,0
CUST03255,405,2,1031.0600280761719,515.5300140380859,5,2.5,180,1.0,3,5,3,11,353,Medium Value,0
CUST01623,151,1,1032.8499755859375,1032.8499755859375,5,5.0,0,1.0,5,4,3,12,543,Medium Value,0
CUST02689,712,1,1033.6800537109375,1033.6800537109375,8,8.0,0,1.0,2,2,3,7,223,Low Value,1
CUST00668,610,2,1038.7200317382812,519.3600158691406,24,12.0,86,1.0,2,5,3,10,253,Medium Value,1
CUST03086,1024,1,1039.219970703125,1039.219970703125,13,13.0,0,1.0,1,1,3,5,113,Low Value,1
CUST00517,950,1,1041.9599609375,1041.9599609375,4,4.0,0,1.0,1,1,3,5,113,Low Value,0
CUST02217,202,1,1044.1199951171875,1044.1199951171875,7,7.0,0,1.0,4,4,3,11,443,Medium Value,0
CUST01401,380,1,1045.1199951171875,1045.1199951171875,4,4.0,0,1.0,3,3,3,9,333,Medium Value,0
CUST00550,100,1,1047.47998046875,1047.47998046875,7,7.0,0,1.0,5,4,3,12,543,Medium Value,0
CUST02094,762,1,1047.699951171875,1047.699951171875,10,10.0,0,1.0,2,2,3,7,223,Low Value,1
CUST00977,1029,1,1051.5999755859375,1051.5999755859375,8,8.0,0,1.0,1,1,3,5,113,Low Value,1
CUST03257,186,1,1058.0999755859375,1058.0999755859375,6,6.0,0,1.0,4,4,3,11,443,Medium Value,0
CUST02584,52,1,1060.2900390625,1060.2900390625,9,9.0,0,1.0,5,4,3,12,543,Medium Value,1
CUST00094,1077,1,1061.5999755859375,1061.5999755859375,8,8.0,0,1.0,1,1,3,5,113,Low Value,1
CUST02074,632,1,1062.3599853515625,1062.3599853515625,4,4.0,0,1.0,2,2,3,7,223,Low Value,0
CUST00885,514,1,1064.4599609375,1064.4599609375,6,6.0,0,1.0,3,3,3,9,333,Medium Value,0
CUST00486,6,2,1066.1600036621094,533.0800018310547,4,2.0,793,1.0,5,5,3,13,553,High Value,2
CUST00368,32,1,1068.550048828125,1068.550048828125,5,5.0,0,1.0,5,4,3,12,543,Medium Value,0
CUST00325,136,1,1068.68994140625,1068.68994140625,7,7.0,0,1.0,5,4,3,12,543,Medium Value,0
CUST01074,847,1,1069.52001953125,1069.52001953125,4,4.0,0,1.0,2,1,3,6,213,Low Value,0
CUST01093,982,1,1070.449951171875,1070.449951171875,5,5.0,0,1.0,1,1,3,5,113,Low Value,0
CUST02251,605,2,1071.22998046875,535.614990234375,16,8.0,364,1.0,3,5,3,11,353,Medium Value,2
CUST01848,404,1,1072.9599609375,1072.9599609375,4,4.0,0,1.0,3,3,3,9,333,Medium Value,0
CUST00323,790,1,1073.5999755859375,1073.5999755859375,10,10.0,0,1.0,2,2,3,7,223,Low Value,1
CUST00050,240,2,1073.6099853515625,536.8049926757812,5,2.5,711,1.0,4,5,3,12,453,Medium Value,2
CUST02174,494,1,1075.5,1075.5,9,9.0,0,1.0,3,3,3,9,333,Medium Value,1
CUST00525,1050,1,1075.6800537109375,1075.6800537109375,6,6.0,0,1.0,1,1,3,5,113,Low Value,0
CUST01250,96,1,1076.300048828125,1076.300048828125,10,10.0,0,1.0,5,4,3,12,543,Medium Value,1
CUST01604,721,1,1078.3199462890625,1078.3199462890625,4,4.0,0,1.0,2,2,3,7,223,Low Value,0
CUST02130,55,1,1078.800048828125,1078.800048828125,8,8.0,0,1.0,5,4,3,12,543,Medium Value,0
CUST03164,1089,1,1083.4200439453125,1083.4200439453125,9,9.0,0,1.0,1,1,3,5,113,Low Value,1
CUST02941,844,1,1085.3699951171875,1085.3699951171875,13,13.0,0,1.0,2,1,3,6,213,Low Value,1
CUST02060,244,1,1086.0799560546875,1086.0799560546875,4,4.0,0,1.0,4,4,3,11,443,Medium Value,0
CUST00334,466,1,1086.5400390625,1086.5400390625,14,14.0,0,1.0,3,3,3,9,333,Medium Value,1
CUST03098,865,1,1086.9300537109375,1086.9300537109375,13,13.0,0,1.0,1,1,3,5,113,Low Value,1
CUST00582,443,1,1088.5,1088.5,14,14.0,0,1.0,3,3,3,9,333,Medium Value,1
CUST03078,484,1,1091.219970703125,1091.219970703125,6,6.0,0,1.0,3,3,3,9,333,Medium Value,0
CUST01305,814,1,1091.699951171875,1091.699951171875,15,15.0,0,1.0,2,2,3,7,223,Low Value,1
CUST00153,219,1,1092.760009765625,1092.760009765625,4,4.0,0,1.0,4,4,3,11,443,Medium Value,0
CUST01036,900,1,1093.6800537109375,1093.6800537109375,8,8.0,0,1.0,1,1,3,5,113,Low Value,1
CUST02717,391,1,1094.699951171875,1094.699951171875,10,10.0,0,1.0,3,3,3,9,333,Medium Value,1
CUST01470,4,1,1095.06005859375,1095.06005859375,6,6.0,0,1.0,5,4,3,12,543,Medium Value,0
CUST00539,297,1,1095.52001953125,1095.52001953125,8,8.0,0,1.0,4,3,3,10,433,Medium Value,0
CUST00419,297,1,1099.0,1099.0,7,7.0,0,1.0,4,3,3,10,433,Medium Value,0
CUST01332,349,1,1099.43994140625,1099.43994140625,12,12.0,0,1.0,4,3,3,10,433,Medium Value,1
CUST02637,114,2,1100.9199600219727,550.4599800109863,11,5.5,546,1.0,5,5,3,13,553,High Value,2
CUST03280,535,1,1101.6600341796875,1101.6600341796875,7,7.0,0,1.0,3,3,3,9,333,Medium Value,0
CUST01414,844,1,1101.780029296875,1101.780029296875,9,9.0,0,1.0,2,1,3,6,213,Low Value,1
CUST00562,1026,1,1103.199951171875,1103.199951171875,7,7.0,0,1.0,1,1,3,5,113,Low Value,0
CUST02397,965,1,1105.300048828125,1105.300048828125,14,14.0,0,1.0,1,1,3,5,113,Low Value,1
CUST01277,124,1,1105.56005859375,1105.56005859375,6,6.0,0,1.0,5,4,3,12,543,Medium Value,0
CUST03037,592,1,1106.300048828125,1106.300048828125,5,5.0,0,1.0,3,2,3,8,323,Low Value,0
CUST02671,754,2,1107.9300231933594,553.9650115966797,27,13.5,303,1.0,2,5,3,10,253,Medium Value,1
CUST02271,51,1,1111.239990234375,1111.239990234375,4,4.0,0,1.0,5,4,3,12,543,Medium Value,0
CUST01222,925,1,1115.52001953125,1115.52001953125,14,14.0,0,1.0,1,1,3,5,113,Low Value,1
CUST00689,338,2,1116.6599731445312,558.3299865722656,17,8.5,108,1.0,4,5,3,12,453,Medium Value,1
CUST01515,290,1,1116.8399658203125,1116.8399658203125,6,6.0,0,1.0,4,3,3,10,433,Medium Value,0
CUST01881,425,1,1118.0400390625,1118.0400390625,12,12.0,0,1.0,3,3,3,9,333,Medium Value,1
CUST02879,378,1,1118.1500244140625,1118.1500244140625,11,11.0,0,1.0,3,3,3,9,333,Medium Value,1
CUST01494,729,1,1118.5999755859375,1118.5999755859375,4,4.0,0,1.0,2,2,3,7,223,Low Value,0
CUST01336,334,1,1118.6700439453125,1118.6700439453125,7,7.0,0,1.0,4,3,3,10,433,Medium Value,0
CUST00427,722,1,1118.949951171875,1118.949951171875,5,5.0,0,1.0,2,2,3,7,223,Low Value,0
CUST00075,100,2,1123.520004272461,561.7600021362305,16,8.0,526,1.0,5,5,3,13,553,High Value,2
CUST01043,628,1,1123.56005859375,1123.56005859375,4,4.0,0,1.0,2,2,3,7,223,Low Value,0
CUST02133,785,1,1125.760009765625,1125.760009765625,8,8.0,0,1.0,2,2,3,7,223,Low Value,1
CUST00520,712,1,1128.5400390625,1128.5400390625,7,7.0,0,1.0,2,2,3,7,223,Low Value,0
CUST00187,675,1,1132.8800048828125,1132.8800048828125,8,8.0,0,1.0,2,2,3,7,223,Low Value,1
CUST02169,386,1,1135.260009765625,1135.260009765625,14,14.0,0,1.0,3,3,3,9,333,Medium Value,1
CUST00899,1041,1,1136.760009765625,1136.760009765625,4,4.0,0,1.0,1,1,3,5,113,Low Value,0
CUST03072,13,1,1137.47998046875,1137.47998046875,12,12.0,0,1.0,5,4,3,12,543,Medium Value,1
CUST03133,669,1,1139.9200439453125,1139.9200439453125,8,8.0,0,1.0,2,2,3,7,223,Low Value,1
CUST01398,691,1,1144.97998046875,1144.97998046875,6,6.0,0,1.0,2,2,3,7,223,Low Value,0
CUST01819,1029,1,1147.0799560546875,1147.0799560546875,4,4.0,0,1.0,1,1,3,5,113,Low Value,0
CUST00333,932,1,1147.1600341796875,1147.1600341796875,4,4.0,0,1.0,1,1,3,5,113,Low Value,0
CUST01853,569,1,1148.1400146484375,1148.1400146484375,7,7.0,0,1.0,3,2,3,8,323,Low Value,0
CUST00759,878,1,1149.6600341796875,1149.6600341796875,6,6.0,0,1.0,1,2,3,6,123,Low Value,0
CUST00963,536,2,1150.4100341796875,575.2050170898438,11,5.5,161,1.0,3,5,3,11,353,Medium Value,0
CUST01242,280,1,1150.56005859375,1150.56005859375,6,6.0,0,1.0,4,4,3,11,443,Medium Value,0
CUST00449,336,1,1152.8399658203125,1152.8399658203125,4,4.0,0,1.0,4,3,3,10,433,Medium Value,0
CUST03043,822,1,1154.3399658203125,1154.3399658203125,11,11.0,0,1.0,2,2,3,7,223,Low Value,1
CUST01059,372,3,1155.2100372314453,385.07001241048175,19,6.333333333333333,426,1.0,4,5,3,12,453,Medium Value,2
CUST01954,10,1,1157.199951171875,1157.199951171875,8,8.0,0,1.0,5,4,3,12,543,Medium Value,0
CUST02406,823,1,1159.8299560546875,1159.8299560546875,7,7.0,0,1.0,2,2,3,7,223,Low Value,0
CUST02632,358,1,1161.3800048828125,1161.3800048828125,11,11.0,0,1.0,4,3,3,10,433,Medium Value,1
CUST03252,334,1,1162.3599853515625,1162.3599853515625,4,4.0,0,1.0,4,3,3,10,433,Medium Value,0
CUST00142,688,1,1167.0999755859375,1167.0999755859375,11,11.0,0,1.0,2,2,3,7,223,Low Value,1
CUST02367,59,1,1170.6400146484375,1170.6400146484375,4,4.0,0,1.0,5,4,3,12,543,Medium Value,0
CUST01622,348,1,1174.3900146484375,1174.3900146484375,7,7.0,0,1.0,4,3,3,10,433,Medium Value,0
CUST03187,192,2,1175.7099914550781,587.8549957275391,13,6.5,424,1.0,4,5,3,12,453,Medium Value,2
CUST01961,1080,1,1176.3399658203125,1176.3399658203125,11,11.0,0,1.0,1,1,3,5,113,Low Value,1
CUST01833,220,2,1178.9800109863281,589.4900054931641,10,5.0,202,1.0,4,5,3,12,453,Medium Value,0
CUST00681,170,1,1179.9000244140625,1179.9000244140625,9,9.0,0,1.0,4,4,3,11,443,Medium Value,1
CUST00953,790,1,1181.0,1181.0,5,5.0,0,1.0,2,2,3,7,223,Low Value,0
CUST02707,1066,1,1181.25,1181.25,5,5.0,0,1.0,1,1,3,5,113,Low Value,0
CUST02168,945,1,1181.9000244140625,1181.9000244140625,5,5.0,0,1.0,1,1,3,5,113,Low Value,0
CUST00834,365,2,1182.4499816894531,591.2249908447266,9,4.5,325,1.0,4,5,3,12,453,Medium Value,2
CUST03131,219,1,1182.47998046875,1182.47998046875,13,13.0,0,1.0,4,4,3,11,443,Medium Value,1
CUST00693,546,1,1182.800048828125,1182.800048828125,5,5.0,0,1.0,3,3,3,9,333,Medium Value,0
CUST02129,154,1,1186.4000244140625,1186.4000244140625,8,8.0,0,1.0,5,4,3,12,543,Medium Value,0
CUST03025,963,1,1186.5699462890625,1186.5699462890625,11,11.0,0,1.0,1,1,3,5,113,Low Value,1
CUST01103,407,1,1187.0999755859375,1187.0999755859375,15,15.0,0,1.0,3,3,3,9,333,Medium Value,1
CUST02992,623,1,1189.4000244140625,1189.4000244140625,4,4.0,0,1.0,2,2,3,7,223,Low Value,0
CUST00466,884,1,1191.8399658203125,1191.8399658203125,6,6.0,0,1.0,1,1,3,5,113,Low Value,0
CUST02379,373,2,1193.1099853515625,596.5549926757812,15,7.5,593,1.0,4,5,3,12,453,Medium Value,2
CUST00578,966,1,1197.0,1197.0,14,14.0,0,1.0,1,1,3,5,113,Low Value,1
CUST00197,92,1,1197.0699462890625,1197.0699462890625,7,7.0,0,1.0,5,4,3,12,543,Medium Value,0
CUST01069,478,1,1197.4000244140625,1197.4000244140625,10,10.0,0,1.0,3,3,3,9,333,Medium Value,1
CUST02459,827,1,1201.760009765625,1201.760009765625,7,7.0,0,1.0,2,2,3,7,223,Low Value,0
CUST03206,75,1,1202.0,1202.0,10,10.0,0,1.0,5,4,3,12,543,Medium Value,1
CUST01948,1023,1,1202.6700439453125,1202.6700439453125,9,9.0,0,1.0,1,1,3,5,113,Low Value,1
CUST02583,344,1,1202.93994140625,1202.93994140625,9,9.0,0,1.0,4,3,3,10,433,Medium Value,1
CUST03175,187,2,1206.6799621582031,603.3399810791016,14,7.0,897,1.0,4,5,3,12,453,Medium Value,2
CUST00423,885,1,1207.25,1207.25,5,5.0,0,1.0,1,1,3,5,113,Low Value,0
CUST03219,815,1,1208.52001953125,1208.52001953125,6,6.0,0,1.0,2,2,3,7,223,Low Value,0
CUST01837,190,2,1209.170021057129,604.5850105285645,23,11.5,31,1.0,4,5,3,12,453,Medium Value,1
CUST01444,997,1,1211.0400390625,1211.0400390625,6,6.0,0,1.0,1,1,3,5,113,Low Value,0
CUST00331,455,1,1214.4599609375,1214.4599609375,9,9.0,0,1.0,3,3,3,9,333,Medium Value,1
CUST00208,1044,1,1218.1199951171875,1218.1199951171875,6,6.0,0,1.0,1,1,3,5,113,Low Value,0
CUST03148,111,2,1221.7699432373047,610.8849716186523,12,6.0,584,1.0,5,5,3,13,553,High Value,2
CUST00452,401,1,1223.699951171875,1223.699951171875,15,15.0,0,1.0,3,3,3,9,333,Medium Value,1
CUST01133,176,1,1225.6500244140625,1225.6500244140625,15,15.0,0,1.0,4,4,3,11,443,Medium Value,1
CUST02649,346,1,1226.8800048828125,1226.8800048828125,9,9.0,0,1.0,4,3,3,10,433,Medium Value,1
CUST01071,576,1,1229.1400146484375,1229.1400146484375,11,11.0,0,1.0,3,2,3,8,323,Low Value,1
CUST02245,751,1,1229.6500244140625,1229.6500244140625,5,5.0,0,1.0,2,2,3,7,223,Low Value,0
CUST03074,890,2,1231.2300109863281,615.6150054931641,11,5.5,12,1.0,1,5,3,9,153,Medium Value,0
CUST01926,348,2,1233.5000457763672,616.7500228881836,9,4.5,243,1.0,4,5,3,12,453,Medium Value,0
CUST00243,624,1,1236.8699951171875,1236.8699951171875,9,9.0,0,1.0,2,2,3,7,223,Low Value,1
CUST02914,540,1,1236.949951171875,1236.949951171875,5,5.0,0,1.0,3,3,3,9,333,Medium Value,0
CUST01554,343,2,1238.1300354003906,619.0650177001953,18,9.0,8,1.0,4,5,3,12,453,Medium Value,1
CUST01628,515,1,1238.219970703125,1238.219970703125,6,6.0,0,1.0,3,3,3,9,333,Medium Value,0
CUST02006,230,1,1240.199951171875,1240.199951171875,15,15.0,0,1.0,4,4,3,11,443,Medium Value,1
CUST01856,485,1,1242.5999755859375,1242.5999755859375,12,12.0,0,1.0,3,3,3,9,333,Medium Value,1
CUST02893,561,1,1244.1600341796875,1244.1600341796875,8,8.0,0,1.0,3,2,3,8,323,Low Value,1
CUST02952,430,1,1244.4000244140625,1244.4000244140625,5,5.0,0,1.0,3,3,3,9,333,Medium Value,0
CUST01352,112,1,1245.4200439453125,1245.4200439453125,11,11.0,0,1.0,5,4,3,12,543,Medium Value,1
CUST01187,501,1,1245.6500244140625,1245.6500244140625,7,7.0,0,1.0,3,3,3,9,333,Medium Value,0
CUST00755,787,1,1246.22998046875,1246.22998046875,9,9.0,0,1.0,2,2,3,7,223,Low Value,1
CUST00249,324,1,1246.239990234375,1246.239990234375,8,8.0,0,1.0,4,3,3,10,433,Medium Value,0
CUST00828,345,2,1248.6799774169922,624.3399887084961,10,5.0,251,1.0,4,5,3,12,453,Medium Value,0
CUST00825,81,2,1250.989990234375,625.4949951171875,5,2.5,147,1.0,5,5,3,13,553,High Value,0
CUST02859,461,2,1252.0400390625,626.02001953125,14,7.0,107,1.0,3,5,3,11,353,Medium Value,0
CUST01477,190,1,1253.6099853515625,1253.6099853515625,9,9.0,0,1.0,4,4,3,11,443,Medium Value,1
CUST02711,654,1,1256.5,1256.5,14,14.0,0,1.0,2,2,3,7,223,Low Value,1
CUST02339,506,2,1257.619987487793,628.8099937438965,10,5.0,144,1.0,3,5,3,11,353,Medium Value,0
CUST01430,263,1,1258.1099853515625,1258.1099853515625,7,7.0,0,1.0,4,4,3,11,443,Medium Value,0
CUST00786,171,1,1258.4599609375,1258.4599609375,7,7.0,0,1.0,4,4,3,11,443,Medium Value,0
CUST02700,60,1,1258.8499755859375,1258.8499755859375,5,5.0,0,1.0,5,4,3,12,543,Medium Value,0
CUST02740,1050,1,1262.3800048828125,1262.3800048828125,7,7.0,0,1.0,1,1,3,5,113,Low Value,0
CUST00818,329,1,1262.72998046875,1262.72998046875,7,7.0,0,1.0,4,3,3,10,433,Medium Value,0
CUST02634,111,2,1264.0100326538086,632.0050163269043,9,4.5,477,1.0,5,5,3,13,553,High Value,2
CUST00523,62,1,1264.8599853515625,1264.8599853515625,6,6.0,0,1.0,5,4,3,12,543,Medium Value,0
CUST01591,674,2,1267.510025024414,633.755012512207,10,5.0,46,1.0,2,5,3,10,253,Medium Value,0
CUST02442,326,1,1267.5999755859375,1267.5999755859375,10,10.0,0,1.0,4,3,3,10,433,Medium Value,1
CUST02458,799,2,1268.5700073242188,634.2850036621094,12,6.0,160,1.0,2,5,3,10,253,Medium Value,0
CUST00958,906,1,1270.8800048828125,1270.8800048828125,8,8.0,0,1.0,1,1,3,5,113,Low Value,1
CUST01944,764,1,1273.68994140625,1273.68994140625,11,11.0,0,1.0,2,2,3,7,223,Low Value,1
CUST00784,804,1,1274.219970703125,1274.219970703125,9,9.0,0,1.0,2,2,3,7,223,Low Value,1
CUST01340,1087,1,1274.56005859375,1274.56005859375,7,7.0,0,1.0,1,1,3,5,113,Low Value,0
CUST02003,58,1,1278.75,1278.75,5,5.0,0,1.0,5,4,3,12,543,Medium Value,0
CUST02593,520,1,1279.5999755859375,1279.5999755859375,8,8.0,0,1.0,3,3,3,9,333,Medium Value,0
CUST00657,917,1,1282.0999755859375,1282.0999755859375,10,10.0,0,1.0,1,1,3,5,113,Low Value,1
CUST01429,759,1,1282.6800537109375,1282.6800537109375,6,6.0,0,1.0,2,2,3,7,223,Low Value,0
CUST03215,154,1,1282.9599609375,1282.9599609375,7,7.0,0,1.0,5,4,3,12,543,Medium Value,0
CUST02308,67,1,1283.6600341796875,1283.6600341796875,7,7.0,0,1.0,5,4,3,12,543,Medium Value,0
CUST00152,774,1,1284.6400146484375,1284.6400146484375,14,14.0,0,1.0,2,2,3,7,223,Low Value,1
CUST00119,325,1,1286.8499755859375,1286.8499755859375,15,15.0,0,1.0,4,3,3,10,433,Medium Value,1
CUST01321,465,1,1289.0,1289.0,10,10.0,0,1.0,3,3,3,9,333,Medium Value,1
CUST01388,870,1,1292.8299560546875,1292.8299560546875,7,7.0,0,1.0,1,1,3,5,113,Low Value,0
CUST01081,790,1,1293.239990234375,1293.239990234375,12,12.0,0,1.0,2,2,3,7,223,Low Value,1
CUST00955,76,1,1296.5,1296.5,10,10.0,0,1.0,5,4,3,12,543,Medium Value,1
CUST03002,873,1,1297.6800537109375,1297.6800537109375,12,12.0,0,1.0,1,1,3,5,113,Low Value,1
CUST00593,308,1,1298.77001953125,1298.77001953125,11,11.0,0,1.0,4,3,3,10,433,Medium Value,1
CUST00914,726,1,1301.300048828125,1301.300048828125,14,14.0,0,1.0,2,2,3,7,223,Low Value,1
CUST02579,482,1,1303.949951171875,1303.949951171875,5,5.0,0,1.0,3,3,3,9,333,Medium Value,0
CUST01255,548,1,1304.199951171875,1304.199951171875,10,10.0,0,1.0,3,3,3,9,333,Medium Value,1
CUST00109,114,1,1305.43994140625,1305.43994140625,8,8.0,0,1.0,5,4,3,12,543,Medium Value,0
CUST01706,327,1,1307.300048828125,1307.300048828125,10,10.0,0,1.0,4,3,3,10,433,Medium Value,1
CUST00566,611,1,1309.5999755859375,1309.5999755859375,8,8.0,0,1.0,2,2,3,7,223,Low Value,1
CUST01022,91,1,1314.300048828125,1314.300048828125,5,5.0,0,1.0,5,4,3,12,543,Medium Value,0
CUST03246,833,1,1315.4000244140625,1315.4000244140625,10,10.0,0,1.0,2,2,3,7,223,Low Value,1
CUST00543,953,1,1315.5999755859375,1315.5999755859375,5,5.0,0,1.0,1,1,3,5,113,Low Value,0
CUST00102,44,1,1316.6400146484375,1316.6400146484375,6,6.0,0,1.0,5,4,3,12,543,Medium Value,0
CUST03163,679,1,1318.1400146484375,1318.1400146484375,9,9.0,0,1.0,2,2,3,7,223,Low Value,1
CUST02477,7,2,1318.3200073242188,659.1600036621094,11,5.5,652,1.0,5,5,3,13,553,High Value,2
CUST01040,42,2,1320.9000244140625,660.4500122070312,12,6.0,102,1.0,5,5,3,13,553,High Value,2
CUST00115,0,2,1322.9300231933594,661.4650115966797,5,2.5,977,1.0,5,5,3,13,553,High Value,2
CUST00495,45,1,1323.530029296875,1323.530029296875,13,13.0,0,1.0,5,4,3,12,543,Medium Value,1
CUST01847,859,1,1327.3699951171875,1327.3699951171875,11,11.0,0,1.0,1,1,3,5,113,Low Value,1
CUST00089,772,1,1327.3699951171875,1327.3699951171875,11,11.0,0,1.0,2,2,3,7,223,Low Value,1
CUST03204,533,1,1331.0999755859375,1331.0999755859375,6,6.0,0,1.0,3,3,3,9,333,Medium Value,0
CUST03080,665,1,1331.5,1331.5,10,10.0,0,1.0,2,2,3,7,223,Low Value,1
CUST02498,504,2,1332.5800170898438,666.2900085449219,11,5.5,446,1.0,3,5,3,11,353,Medium Value,2
CUST01661,841,1,1332.6600341796875,1332.6600341796875,6,6.0,0,1.0,2,1,3,6,213,Low Value,0
CUST01997,592,1,1334.699951171875,1334.699951171875,6,6.0,0,1.0,3,2,3,8,323,Low Value,0
CUST01685,889,1,1335.25,1335.25,7,7.0,0,1.0,1,1,3,5,113,Low Value,0
CUST02919,349,1,1335.75,1335.75,5,5.0,0,1.0,4,3,3,10,433,Medium Value,0
CUST00326,483,2,1339.199951171875,669.5999755859375,16,8.0,433,1.0,3,5,3,11,353,Medium Value,2
CUST03192,818,1,1344.780029296875,1344.780029296875,6,6.0,0,1.0,2,2,3,7,223,Low Value,0
CUST00135,279,1,1345.1199951171875,1345.1199951171875,14,14.0,0,1.0,4,4,3,11,443,Medium Value,1
CUST01794,373,2,1345.4700012207031,672.7350006103516,21,10.5,314,1.0,4,5,3,12,453,Medium Value,2
CUST02331,564,1,1346.6600341796875,1346.6600341796875,7,7.0,0,1.0,3,2,3,8,323,Low Value,0
CUST02917,623,1,1346.699951171875,1346.699951171875,6,6.0,0,1.0,2,2,3,7,223,Low Value,0
CUST02151,691,2,1348.1200256347656,674.0600128173828,12,6.0,58,1.0,2,5,3,10,253,Medium Value,0
CUST03010,619,1,1348.8800048828125,1348.8800048828125,8,8.0,0,1.0,2,2,3,7,223,Low Value,1
CUST02391,706,1,1350.1199951171875,1350.1199951171875,6,6.0,0,1.0,2,2,3,7,223,Low Value,0
CUST00199,480,1,1350.800048828125,1350.800048828125,5,5.0,0,1.0,3,3,3,9,333,Medium Value,0
CUST03071,233,1,1351.0999755859375,1351.0999755859375,10,10.0,0,1.0,4,4,3,11,443,Medium Value,1
CUST00394,283,1,1351.8599853515625,1351.8599853515625,6,6.0,0,1.0,4,4,3,11,443,Medium Value,0
CUST01689,1017,1,1353.239990234375,1353.239990234375,6,6.0,0,1.0,1,1,3,5,113,Low Value,0
CUST00891,149,1,1362.47998046875,1362.47998046875,7,7.0,0,1.0,5,4,3,12,543,Medium Value,0
CUST01553,859,1,1364.3299560546875,1364.3299560546875,11,11.0,0,1.0,1,1,3,5,113,Low Value,1
CUST03140,142,1,1364.6400146484375,1364.6400146484375,6,6.0,0,1.0,5,4,3,12,543,Medium Value,0
CUST00371,948,1,1365.0,1365.0,5,5.0,0,1.0,1,1,3,5,113,Low Value,0
CUST00745,933,1,1368.0,1368.0,5,5.0,0,1.0,1,1,3,5,113,Low Value,0
CUST01858,463,1,1368.8499755859375,1368.8499755859375,5,5.0,0,1.0,3,3,3,9,333,Medium Value,0
CUST01113,438,1,1369.1300048828125,1369.1300048828125,7,7.0,0,1.0,3,3,3,9,333,Medium Value,0
CUST00244,17,1,1371.5999755859375,1371.5999755859375,8,8.0,0,1.0,5,4,3,12,543,Medium Value,0
CUST02819,859,1,1371.6300048828125,1371.6300048828125,13,13.0,0,1.0,1,1,3,5,113,Low Value,1
CUST02281,120,1,1373.4000244140625,1373.4000244140625,6,6.0,0,1.0,5,4,3,12,543,Medium Value,0
CUST01382,783,1,1373.6800537109375,1373.6800537109375,14,14.0,0,1.0,2,2,3,7,223,Low Value,1
CUST03026,103,2,1374.1900634765625,687.0950317382812,17,8.5,949,1.0,5,5,3,13,553,High Value,2
CUST00146,51,1,1377.9599609375,1377.9599609375,6,6.0,0,1.0,5,4,3,12,543,Medium Value,0
CUST03259,790,1,1379.280029296875,1379.280029296875,6,6.0,0,1.0,2,2,3,7,223,Low Value,0
CUST01880,329,1,1381.5,1381.5,10,10.0,0,1.0,4,3,3,10,433,Medium Value,1
CUST03022,472,1,1382.2900390625,1382.2900390625,13,13.0,0,1.0,3,3,3,9,333,Medium Value,1
CUST01532,410,1,1385.4000244140625,1385.4000244140625,15,15.0,0,1.0,3,3,3,9,333,Medium Value,1
CUST01208,841,1,1387.199951171875,1387.199951171875,10,10.0,0,1.0,2,1,3,6,213,Low Value,1
CUST00404,186,2,1389.5500183105469,694.7750091552734,20,10.0,81,1.0,4,5,3,12,453,Medium Value,1
CUST02478,420,1,1392.9000244140625,1392.9000244140625,6,6.0,0,1.0,3,3,3,9,333,Medium Value,0
CUST00551,600,1,1395.449951171875,1395.449951171875,7,7.0,0,1.0,3,2,3,8,323,Low Value,0
CUST02841,478,1,1399.449951171875,1399.449951171875,5,5.0,0,1.0,3,3,3,9,333,Medium Value,0
CUST01253,958,2,1400.9700622558594,700.4850311279297,13,6.5,115,1.0,1,5,3,9,153,Medium Value,0
CUST00707,550,3,1401.4000091552734,467.1333363850911,18,6.0,253,1.0,3,5,3,11,353,Medium Value,2
CUST01262,173,1,1401.449951171875,1401.449951171875,5,5.0,0,1.0,4,4,3,11,443,Medium Value,0
CUST00839,245,2,1402.9100036621094,701.4550018310547,17,8.5,485,1.0,4,5,3,12,453,Medium Value,2
CUST01271,1045,1,1403.050048828125,1403.050048828125,11,11.0,0,1.0,1,1,3,5,113,Low Value,1
CUST03165,173,1,1403.199951171875,1403.199951171875,10,10.0,0,1.0,4,4,3,11,443,Medium Value,1
CUST00247,852,1,1408.43994140625,1408.43994140625,11,11.0,0,1.0,1,1,3,5,113,Low Value,1
CUST01051,1058,1,1414.239990234375,1414.239990234375,8,8.0,0,1.0,1,1,3,5,113,Low Value,1
CUST00909,852,1,1414.4200439453125,1414.4200439453125,7,7.0,0,1.0,1,1,3,5,113,Low Value,0
CUST00276,671,2,1414.9099884033203,707.4549942016602,9,4.5,84,1.0,2,5,3,10,253,Medium Value,0
CUST02708,1030,1,1417.010009765625,1417.010009765625,7,7.0,0,1.0,1,1,3,5,113,Low Value,0
CUST01243,361,1,1418.27001953125,1418.27001953125,7,7.0,0,1.0,4,3,3,10,433,Medium Value,0
CUST00174,44,2,1421.429946899414,710.714973449707,11,5.5,682,1.0,5,5,3,13,553,High Value,2
CUST01675,901,1,1421.9000244140625,1421.9000244140625,5,5.0,0,1.0,1,1,3,5,113,Low Value,0
CUST00410,732,1,1423.3499755859375,1423.3499755859375,5,5.0,0,1.0,2,2,3,7,223,Low Value,0
CUST01076,738,1,1424.8499755859375,1424.8499755859375,15,15.0,0,1.0,2,2,3,7,223,Low Value,1
CUST01861,554,1,1425.52001953125,1425.52001953125,8,8.0,0,1.0,3,2,3,8,323,Low Value,1
CUST02582,618,1,1426.5,1426.5,9,9.0,0,1.0,2,2,3,7,223,Low Value,1
CUST03115,882,1,1430.699951171875,1430.699951171875,6,6.0,0,1.0,1,1,3,5,113,Low Value,0
CUST01534,302,1,1435.800048828125,1435.800048828125,12,12.0,0,1.0,4,3,3,10,433,Medium Value,1
CUST00037,598,1,1437.93994140625,1437.93994140625,14,14.0,0,1.0,3,2,3,8,323,Low Value,1
CUST02103,724,1,1438.3199462890625,1438.3199462890625,12,12.0,0,1.0,2,2,3,7,223,Low Value,1
CUST01029,876,1,1438.5799560546875,1438.5799560546875,11,11.0,0,1.0,1,2,3,6,123,Low Value,1
CUST01730,757,2,1440.1400146484375,720.0700073242188,16,8.0,86,1.0,2,5,3,10,253,Medium Value,1
CUST00965,1013,1,1444.6800537109375,1444.6800537109375,9,9.0,0,1.0,1,1,3,5,113,Low Value,1
CUST03269,1070,1,1447.81005859375,1447.81005859375,13,13.0,0,1.0,1,1,3,5,113,Low Value,1
CUST02615,104,1,1448.300048828125,1448.300048828125,5,5.0,0,1.0,5,4,3,12,543,Medium Value,0
CUST00425,963,1,1450.4000244140625,1450.4000244140625,7,7.0,0,1.0,1,1,3,5,113,Low Value,0
CUST00312,193,2,1454.0700073242188,727.0350036621094,16,8.0,425,1.0,4,5,3,12,453,Medium Value,2
CUST02098,94,2,1454.2699890136719,727.1349945068359,7,3.5,851,1.0,5,5,3,13,553,High Value,2
CUST02934,380,2,1454.950023651123,727.4750118255615,16,8.0,544,1.0,3,5,3,11,353,Medium Value,2
CUST02648,876,1,1457.6800537109375,1457.6800537109375,8,8.0,0,1.0,1,2,3,6,123,Low Value,1
CUST01424,1020,1,1459.3800048828125,1459.3800048828125,13,13.0,0,1.0,1,1,3,5,113,Low Value,1
CUST01586,365,1,1460.68994140625,1460.68994140625,11,11.0,0,1.0,4,3,3,10,433,Medium Value,1
CUST01606,525,1,1460.800048828125,1460.800048828125,8,8.0,0,1.0,3,3,3,9,333,Medium Value,0
CUST01065,929,1,1460.93994140625,1460.93994140625,13,13.0,0,1.0,1,1,3,5,113,Low Value,1
CUST01883,362,1,1461.5,1461.5,10,10.0,0,1.0,4,3,3,10,433,Medium Value,1
CUST02488,662,1,1462.02001953125,1462.02001953125,7,7.0,0,1.0,2,2,3,7,223,Low Value,0
CUST00067,38,1,1472.550048828125,1472.550048828125,15,15.0,0,1.0,5,4,3,12,543,Medium Value,1
CUST02077,132,1,1474.97998046875,1474.97998046875,13,13.0,0,1.0,5,4,3,12,543,Medium Value,1
CUST02081,84,2,1479.1199798583984,739.5599899291992,15,7.5,976,1.0,5,5,3,13,553,High Value,2
CUST02411,143,1,1482.9000244140625,1482.9000244140625,15,15.0,0,1.0,5,4,3,12,543,Medium Value,1
CUST00491,723,2,1483.8600463867188,741.9300231933594,14,7.0,368,1.0,2,5,3,10,253,Medium Value,0
CUST00944,171,1,1484.0,1484.0,8,8.0,0,1.0,4,4,3,11,443,Medium Value,0
CUST02485,873,1,1484.010009765625,1484.010009765625,11,11.0,0,1.0,1,1,3,5,113,Low Value,1
CUST02587,45,1,1487.52001953125,1487.52001953125,6,6.0,0,1.0,5,4,3,12,543,Medium Value,0
CUST03241,486,1,1488.6600341796875,1488.6600341796875,6,6.0,0,1.0,3,3,3,9,333,Medium Value,0
CUST00231,395,1,1492.5,1492.5,6,6.0,0,1.0,3,3,3,9,333,Medium Value,0
CUST02503,432,1,1497.3599853515625,1497.3599853515625,12,12.0,0,1.0,3,3,3,9,333,Medium Value,1
CUST00623,902,1,1497.510009765625,1497.510009765625,9,9.0,0,1.0,1,1,3,5,113,Low Value,1
CUST00797,436,1,1497.5999755859375,1497.5999755859375,9,9.0,0,1.0,3,3,3,9,333,Medium Value,1
CUST03188,1079,1,1499.300048828125,1499.300048828125,10,10.0,0,1.0,1,1,3,5,113,Low Value,1
CUST02307,574,1,1502.9100341796875,1502.9100341796875,9,9.0,0,1.0,3,2,3,8,323,Low Value,1
CUST01521,865,1,1511.8399658203125,1511.8399658203125,8,8.0,0,1.0,1,1,3,5,113,Low Value,1
CUST02822,630,1,1512.47998046875,1512.47998046875,12,12.0,0,1.0,2,2,3,7,223,Low Value,1
CUST01492,218,1,1517.0999755859375,1517.0999755859375,15,15.0,0,1.0,4,4,3,11,443,Medium Value,1
CUST01805,756,1,1517.8399658203125,1517.8399658203125,8,8.0,0,1.0,2,2,3,7,223,Low Value,1
CUST00858,934,1,1520.3299560546875,1520.3299560546875,7,7.0,0,1.0,1,1,3,5,113,Low Value,0
CUST02256,38,2,1522.2899780273438,761.1449890136719,10,5.0,815,1.0,5,5,3,13,553,High Value,2
CUST02128,1073,1,1523.6199951171875,1523.6199951171875,14,14.0,0,1.0,1,1,3,5,113,Low Value,1
CUST00837,535,1,1530.8699951171875,1530.8699951171875,11,11.0,0,1.0,3,3,3,9,333,Medium Value,1
CUST02374,990,1,1531.800048828125,1531.800048828125,12,12.0,0,1.0,1,1,3,5,113,Low Value,1
CUST01395,1084,1,1532.0999755859375,1532.0999755859375,15,15.0,0,1.0,1,1,3,5,113,Low Value,1
CUST00170,1069,1,1536.3900146484375,1536.3900146484375,9,9.0,0,1.0,1,1,3,5,113,Low Value,1
CUST02505,34,1,1538.7900390625,1538.7900390625,11,11.0,0,1.0,5,4,3,12,543,Medium Value,1
CUST02953,78,2,1545.8500518798828,772.9250259399414,19,9.5,775,1.0,5,5,3,13,553,High Value,2
CUST00145,115,1,1548.9000244140625,1548.9000244140625,10,10.0,0,1.0,5,4,3,12,543,Medium Value,1
CUST01757,579,1,1549.949951171875,1549.949951171875,15,15.0,0,1.0,3,2,3,8,323,Low Value,1
CUST00207,1031,1,1551.760009765625,1551.760009765625,8,8.0,0,1.0,1,1,3,5,113,Low Value,1
CUST01385,1091,1,1554.0,1554.0,12,12.0,0,1.0,1,1,3,5,113,Low Value,1
CUST01909,488,1,1554.3499755859375,1554.3499755859375,7,7.0,0,1.0,3,3,3,9,333,Medium Value,0
CUST00559,16,1,1554.9599609375,1554.9599609375,12,12.0,0,1.0,5,4,3,12,543,Medium Value,1
CUST02955,353,1,1556.550048828125,1556.550048828125,15,15.0,0,1.0,4,3,3,10,433,Medium Value,1
CUST01044,708,1,1561.3599853515625,1561.3599853515625,8,8.0,0,1.0,2,2,3,7,223,Low Value,1
CUST02542,300,1,1564.800048828125,1564.800048828125,15,15.0,0,1.0,4,3,3,10,433,Medium Value,1
CUST01392,902,1,1565.8299560546875,1565.8299560546875,7,7.0,0,1.0,1,1,3,5,113,Low Value,0
CUST03137,142,1,1566.1199951171875,1566.1199951171875,6,6.0,0,1.0,5,4,3,12,543,Medium Value,0
CUST02193,294,1,1568.199951171875,1568.199951171875,10,10.0,0,1.0,4,3,3,10,433,Medium Value,1
CUST01641,163,2,1568.8200073242188,784.4100036621094,10,5.0,563,1.0,5,5,3,13,553,High Value,2
CUST01937,1039,1,1569.0,1569.0,12,12.0,0,1.0,1,1,3,5,113,Low Value,1
CUST02394,338,1,1569.47998046875,1569.47998046875,11,11.0,0,1.0,4,3,4,11,434,Medium Value,1
CUST01912,742,3,1576.4499816894531,525.4833272298177,25,8.333333333333334,327,1.0,2,5,4,11,254,Medium Value,2
CUST03111,870,1,1578.5699462890625,1578.5699462890625,7,7.0,0,1.0,1,1,4,6,114,Low Value,0
CUST00590,1072,1,1580.0400390625,1580.0400390625,11,11.0,0,1.0,1,1,4,6,114,Low Value,1
CUST00012,80,1,1581.030029296875,1581.030029296875,9,9.0,0,1.0,5,4,4,13,544,High Value,1
CUST01950,512,1,1581.239990234375,1581.239990234375,12,12.0,0,1.0,3,3,4,10,334,Medium Value,1
CUST01704,380,1,1581.5999755859375,1581.5999755859375,8,8.0,0,1.0,3,3,4,10,334,Medium Value,0
CUST01904,277,1,1583.9100341796875,1583.9100341796875,9,9.0,0,1.0,4,4,4,12,444,Medium Value,1
CUST02856,297,1,1587.739990234375,1587.739990234375,14,14.0,0,1.0,4,3,4,11,434,Medium Value,1
CUST02784,460,1,1589.8399658203125,1589.8399658203125,14,14.0,0,1.0,3,3,4,10,334,Medium Value,1
CUST01901,347,2,1590.5,795.25,13,6.5,568,1.0,4,5,4,13,454,High Value,2
CUST01009,127,2,1595.5699462890625,797.7849731445312,19,9.5,336,1.0,5,5,4,14,554,High Value,2
CUST02211,694,1,1599.1199951171875,1599.1199951171875,6,6.0,0,1.0,2,2,4,8,224,Low Value,0
CUST01893,285,1,1602.02001953125,1602.02001953125,7,7.0,0,1.0,4,4,4,12,444,Medium Value,0
CUST00017,382,1,1602.719970703125,1602.719970703125,6,6.0,0,1.0,3,3,4,10,334,Medium Value,0
CUST02872,340,1,1604.3399658203125,1604.3399658203125,9,9.0,0,1.0,4,3,4,11,434,Medium Value,1
CUST00453,1077,1,1607.6400146484375,1607.6400146484375,12,12.0,0,1.0,1,1,4,6,114,Low Value,1
CUST02939,67,2,1612.5999755859375,806.2999877929688,10,5.0,494,1.0,5,5,4,14,554,High Value,2
CUST02071,570,2,1612.7200317382812,806.3600158691406,20,10.0,65,1.0,3,5,4,12,354,Medium Value,1
CUST00073,940,1,1613.6099853515625,1613.6099853515625,9,9.0,0,1.0,1,1,4,6,114,Low Value,1
CUST02252,66,1,1614.25,1614.25,11,11.0,0,1.0,5,4,4,13,544,High Value,1
CUST02523,1087,1,1617.1500244140625,1617.1500244140625,15,15.0,0,1.0,1,1,4,6,114,Low Value,1
CUST00293,552,1,1617.43994140625,1617.43994140625,8,8.0,0,1.0,3,3,4,10,334,Medium Value,1
CUST00160,489,2,1617.6499633789062,808.8249816894531,25,12.5,552,1.0,3,5,4,12,354,Medium Value,2
CUST01905,818,1,1618.9200439453125,1618.9200439453125,12,12.0,0,1.0,2,2,4,8,224,Low Value,1
CUST01547,133,1,1619.4100341796875,1619.4100341796875,13,13.0,0,1.0,5,4,4,13,544,High Value,1
CUST01400,590,1,1620.1500244140625,1620.1500244140625,7,7.0,0,1.0,3,2,4,9,324,Medium Value,0
CUST00448,191,2,1624.0800170898438,812.0400085449219,16,8.0,789,1.0,4,5,4,13,454,High Value,2
CUST02530,779,3,1624.239990234375,541.413330078125,14,4.666666666666667,245,1.0,2,5,4,11,254,Medium Value,0
CUST01687,725,1,1630.0,1630.0,8,8.0,0,1.0,2,2,4,8,224,Low Value,1
CUST03264,515,1,1630.6500244140625,1630.6500244140625,7,7.0,0,1.0,3,3,4,10,334,Medium Value,0
CUST01516,947,1,1636.4599609375,1636.4599609375,7,7.0,0,1.0,1,1,4,6,114,Low Value,0
CUST02682,72,2,1637.5400390625,818.77001953125,14,7.0,1012,1.0,5,5,4,14,554,High Value,2
CUST02538,366,1,1639.3299560546875,1639.3299560546875,11,11.0,0,1.0,4,3,4,11,434,Medium Value,1
CUST02029,937,1,1640.1600341796875,1640.1600341796875,6,6.0,0,1.0,1,1,4,6,114,Low Value,0
CUST00015,344,1,1640.4000244140625,1640.4000244140625,6,6.0,0,1.0,4,3,4,11,434,Medium Value,0
CUST02295,83,1,1641.449951171875,1641.449951171875,15,15.0,0,1.0,5,4,4,13,544,High Value,1
CUST01836,45,2,1642.0499877929688,821.0249938964844,27,13.5,841,1.0,5,5,4,14,554,High Value,2
CUST01845,275,1,1642.2900390625,1642.2900390625,13,13.0,0,1.0,4,4,4,12,444,Medium Value,1
CUST01821,721,1,1642.8599853515625,1642.8599853515625,6,6.0,0,1.0,2,2,4,8,224,Low Value,0
CUST00950,794,1,1643.8800048828125,1643.8800048828125,6,6.0,0,1.0,2,2,4,8,224,Low Value,0
CUST01458,646,2,1644.4100036621094,822.2050018310547,13,6.5,417,1.0,2,5,4,11,254,Medium Value,2
CUST01762,548,1,1646.0999755859375,1646.0999755859375,9,9.0,0,1.0,3,3,4,10,334,Medium Value,1
CUST02426,955,1,1646.469970703125,1646.469970703125,7,7.0,0,1.0,1,1,4,6,114,Low Value,0
CUST00583,954,1,1650.06005859375,1650.06005859375,6,6.0,0,1.0,1,1,4,6,114,Low Value,0
CUST01530,784,1,1653.9200439453125,1653.9200439453125,8,8.0,0,1.0,2,2,4,8,224,Low Value,1
CUST01342,1010,1,1654.8399658203125,1654.8399658203125,11,11.0,0,1.0,1,1,4,6,114,Low Value,1
CUST01046,154,1,1660.8199462890625,1660.8199462890625,7,7.0,0,1.0,5,4,4,13,544,High Value,0
CUST00532,904,1,1661.489990234375,1661.489990234375,9,9.0,0,1.0,1,1,4,6,114,Low Value,1
CUST00497,843,1,1664.6400146484375,1664.6400146484375,6,6.0,0,1.0,2,1,4,7,214,Low Value,0
CUST02885,223,1,1665.5999755859375,1665.5999755859375,6,6.0,0,1.0,4,4,4,12,444,Medium Value,0
CUST00036,137,2,1666.0299682617188,833.0149841308594,19,9.5,624,1.0,5,5,4,14,554,High Value,2
CUST00647,361,1,1667.1199951171875,1667.1199951171875,13,13.0,0,1.0,4,3,4,11,434,Medium Value,1
CUST01174,23,3,1669.0299835205078,556.3433278401693,24,8.0,942,1.0,5,5,4,14,554,High Value,2
CUST01958,256,1,1670.02001953125,1670.02001953125,11,11.0,0,1.0,4,4,4,12,444,Medium Value,1
CUST00205,76,2,1670.1900329589844,835.0950164794922,27,13.5,459,1.0,5,5,4,14,554,High Value,2
CUST02770,214,3,1672.6500091552734,557.5500030517578,27,9.0,654,1.0,4,5,4,13,454,High Value,2
CUST00634,454,1,1679.0999755859375,1679.0999755859375,6,6.0,0,1.0,3,3,4,10,334,Medium Value,0
CUST02445,576,1,1684.06005859375,1684.06005859375,14,14.0,0,1.0,3,2,4,9,324,Medium Value,1
CUST02586,120,1,1686.800048828125,1686.800048828125,10,10.0,0,1.0,5,4,4,13,544,High Value,1
CUST02350,897,1,1688.9599609375,1688.9599609375,14,14.0,0,1.0,1,1,4,6,114,Low Value,1
CUST00852,266,2,1689.0000610351562,844.5000305175781,14,7.0,248,1.0,4,5,4,13,454,High Value,2
CUST00986,459,1,1691.280029296875,1691.280029296875,8,8.0,0,1.0,3,3,4,10,334,Medium Value,0
CUST01782,809,1,1691.469970703125,1691.469970703125,11,11.0,0,1.0,2,2,4,8,224,Low Value,1
CUST01323,1051,1,1694.760009765625,1694.760009765625,6,6.0,0,1.0,1,1,4,6,114,Low Value,0
CUST00718,843,1,1695.18994140625,1695.18994140625,7,7.0,0,1.0,2,1,4,7,214,Low Value,0
CUST00108,505,1,1695.239990234375,1695.239990234375,9,9.0,0,1.0,3,3,4,10,334,Medium Value,1
CUST01007,373,1,1696.0,1696.0,10,10.0,0,1.0,4,3,4,11,434,Medium Value,1
CUST01752,760,1,1697.760009765625,1697.760009765625,8,8.0,0,1.0,2,2,4,8,224,Low Value,1
CUST01598,870,1,1697.8499755859375,1697.8499755859375,11,11.0,0,1.0,1,1,4,6,114,Low Value,1
CUST01283,832,1,1703.4000244140625,1703.4000244140625,15,15.0,0,1.0,2,2,4,8,224,Low Value,1
CUST01999,855,1,1705.1300048828125,1705.1300048828125,7,7.0,0,1.0,1,1,4,6,114,Low Value,0
CUST02722,211,1,1705.4000244140625,1705.4000244140625,10,10.0,0,1.0,4,4,4,12,444,Medium Value,1
CUST00880,554,1,1705.5999755859375,1705.5999755859375,13,13.0,0,1.0,3,2,4,9,324,Medium Value,1
CUST01354,241,4,1709.2399730682373,427.3099932670593,22,5.5,819,1.0,4,5,4,13,454,High Value,2
CUST03085,1057,1,1710.47998046875,1710.47998046875,12,12.0,0,1.0,1,1,4,6,114,Low Value,1
CUST01818,818,1,1711.6199951171875,1711.6199951171875,6,6.0,0,1.0,2,2,4,8,224,Low Value,0
CUST00343,828,1,1714.3699951171875,1714.3699951171875,7,7.0,0,1.0,2,2,4,8,224,Low Value,0
CUST01101,608,1,1715.0400390625,1715.0400390625,12,12.0,0,1.0,2,2,4,8,224,Low Value,1
CUST02171,168,2,1717.1399536132812,858.5699768066406,13,6.5,249,1.0,5,5,4,14,554,High Value,2
CUST00374,237,2,1717.2899780273438,858.6449890136719,17,8.5,546,1.0,4,5,4,13,454,High Value,2
CUST00742,214,1,1718.2900390625,1718.2900390625,7,7.0,0,1.0,4,4,4,12,444,Medium Value,0
CUST01921,884,1,1718.6400146484375,1718.6400146484375,8,8.0,0,1.0,1,1,4,6,114,Low Value,1
CUST00700,405,1,1721.300048828125,1721.300048828125,7,7.0,0,1.0,3,3,4,10,334,Medium Value,0
CUST01688,505,1,1724.0999755859375,1724.0999755859375,6,6.0,0,1.0,3,3,4,10,334,Medium Value,0
CUST03265,578,1,1725.6600341796875,1725.6600341796875,6,6.0,0,1.0,3,2,4,9,324,Medium Value,0
CUST00831,394,1,1727.989990234375,1727.989990234375,11,11.0,0,1.0,3,3,4,10,334,Medium Value,1
CUST03084,546,1,1728.449951171875,1728.449951171875,15,15.0,0,1.0,3,3,4,10,334,Medium Value,1
CUST02312,952,1,1728.47998046875,1728.47998046875,6,6.0,0,1.0,1,1,4,6,114,Low Value,0
CUST00527,504,1,1729.5,1729.5,15,15.0,0,1.0,3,3,4,10,334,Medium Value,1
CUST00780,1031,1,1729.760009765625,1729.760009765625,8,8.0,0,1.0,1,1,4,6,114,Low Value,1
CUST00212,108,1,1730.4000244140625,1730.4000244140625,15,15.0,0,1.0,5,4,4,13,544,High Value,1
CUST00996,87,2,1732.9400024414062,866.4700012207031,26,13.0,746,1.0,5,5,4,14,554,High Value,2
CUST00732,104,1,1735.02001953125,1735.02001953125,9,9.0,0,1.0,5,4,4,13,544,High Value,1
CUST03286,862,1,1735.800048828125,1735.800048828125,11,11.0,0,1.0,1,1,4,6,114,Low Value,1
CUST01956,937,1,1736.4000244140625,1736.4000244140625,10,10.0,0,1.0,1,1,4,6,114,Low Value,1
CUST02560,75,1,1748.8199462890625,1748.8199462890625,6,6.0,0,1.0,5,4,4,13,544,High Value,0
CUST02692,1013,1,1749.8699951171875,1749.8699951171875,9,9.0,0,1.0,1,1,4,6,114,Low Value,1
CUST02226,241,1,1751.969970703125,1751.969970703125,11,11.0,0,1.0,4,4,4,12,444,Medium Value,1
CUST03190,1054,1,1752.31005859375,1752.31005859375,7,7.0,0,1.0,1,1,4,6,114,Low Value,0
CUST00451,198,3,1753.5500183105469,584.5166727701823,21,7.0,611,1.0,4,5,4,13,454,High Value,2
CUST00287,370,2,1754.8699951171875,877.4349975585938,8,4.0,125,1.0,4,5,4,13,454,High Value,0
CUST02326,716,1,1756.9200439453125,1756.9200439453125,6,6.0,0,1.0,2,2,4,8,224,Low Value,0
CUST00635,408,1,1757.52001953125,1757.52001953125,9,9.0,0,1.0,3,3,4,10,334,Medium Value,1
CUST01057,306,2,1762.239990234375,881.1199951171875,7,3.5,682,1.0,4,5,4,13,454,High Value,2
CUST02143,217,2,1772.5699768066406,886.2849884033203,14,7.0,298,1.0,4,5,4,13,454,High Value,2
CUST01367,179,1,1772.6400146484375,1772.6400146484375,8,8.0,0,1.0,4,4,4,12,444,Medium Value,0
CUST02983,396,1,1772.699951171875,1772.699951171875,6,6.0,0,1.0,3,3,4,10,334,Medium Value,0
CUST03239,992,1,1773.5,1773.5,10,10.0,0,1.0,1,1,4,6,114,Low Value,1
CUST01150,223,1,1775.5999755859375,1775.5999755859375,8,8.0,0,1.0,4,4,4,12,444,Medium Value,0
CUST01004,713,2,1776.5499877929688,888.2749938964844,14,7.0,175,1.0,2,5,4,11,254,Medium Value,0
CUST00342,284,1,1779.0,1779.0,12,12.0,0,1.0,4,4,4,12,444,Medium Value,1
CUST00589,16,2,1780.199951171875,890.0999755859375,27,13.5,679,1.0,5,5,4,14,554,High Value,2
CUST00571,253,2,1780.8600463867188,890.4300231933594,17,8.5,561,1.0,4,5,4,13,454,High Value,2
CUST00670,240,1,1784.25,1784.25,13,13.0,0,1.0,4,4,4,12,444,Medium Value,1
CUST00055,340,2,1784.7000122070312,892.3500061035156,29,14.5,358,1.0,4,5,4,13,454,High Value,1
CUST02590,457,1,1785.77001953125,1785.77001953125,7,7.0,0,1.0,3,3,4,10,334,Medium Value,0
CUST01506,876,1,1787.1600341796875,1787.1600341796875,12,12.0,0,1.0,1,2,4,7,124,Low Value,1
CUST00188,992,1,1787.800048828125,1787.800048828125,14,14.0,0,1.0,1,1,4,6,114,Low Value,1
CUST02940,473,1,1789.5799560546875,1789.5799560546875,13,13.0,0,1.0,3,3,4,10,334,Medium Value,1
CUST01370,983,1,1790.0999755859375,1790.0999755859375,15,15.0,0,1.0,1,1,4,6,114,Low Value,1
CUST01585,832,1,1790.8800048828125,1790.8800048828125,12,12.0,0,1.0,2,2,4,8,224,Low Value,1
CUST00081,140,1,1790.9100341796875,1790.9100341796875,9,9.0,0,1.0,5,4,4,13,544,High Value,1
CUST01268,787,1,1794.0999755859375,1794.0999755859375,10,10.0,0,1.0,2,2,4,8,224,Low Value,1
CUST02416,771,1,1795.22998046875,1795.22998046875,9,9.0,0,1.0,2,2,4,8,224,Low Value,1
CUST02915,262,1,1797.9000244140625,1797.9000244140625,15,15.0,0,1.0,4,4,4,12,444,Medium Value,1
CUST03005,783,1,1799.1600341796875,1799.1600341796875,6,6.0,0,1.0,2,2,4,8,224,Low Value,0
CUST00181,484,1,1802.989990234375,1802.989990234375,7,7.0,0,1.0,3,3,4,10,334,Medium Value,0
CUST01868,184,1,1807.300048828125,1807.300048828125,10,10.0,0,1.0,4,4,4,12,444,Medium Value,1
CUST00721,270,1,1808.280029296875,1808.280029296875,9,9.0,0,1.0,4,4,4,12,444,Medium Value,1
CUST01026,586,1,1809.280029296875,1809.280029296875,11,11.0,0,1.0,3,2,4,9,324,Medium Value,1
CUST01630,13,1,1812.5999755859375,1812.5999755859375,12,12.0,0,1.0,5,4,4,13,544,High Value,1
CUST02056,931,1,1812.9000244140625,1812.9000244140625,10,10.0,0,1.0,1,1,4,6,114,Low Value,1
CUST03036,879,1,1813.800048828125,1813.800048828125,12,12.0,0,1.0,1,1,4,6,114,Low Value,1
CUST01278,745,1,1817.3399658203125,1817.3399658203125,7,7.0,0,1.0,2,2,4,8,224,Low Value,0
CUST00237,750,1,1818.9000244140625,1818.9000244140625,9,9.0,0,1.0,2,2,4,8,224,Low Value,1
CUST01709,176,1,1819.199951171875,1819.199951171875,12,12.0,0,1.0,4,4,4,12,444,Medium Value,1
CUST02873,544,1,1821.1199951171875,1821.1199951171875,14,14.0,0,1.0,3,3,4,10,334,Medium Value,1
CUST01221,1021,1,1822.72998046875,1822.72998046875,7,7.0,0,1.0,1,1,4,6,114,Low Value,0
CUST00726,32,1,1830.6400146484375,1830.6400146484375,7,7.0,0,1.0,5,4,4,13,544,High Value,0
CUST02720,536,1,1831.199951171875,1831.199951171875,15,15.0,0,1.0,3,3,4,10,334,Medium Value,1
CUST00484,0,1,1832.3199462890625,1832.3199462890625,8,8.0,0,1.0,5,4,4,13,544,High Value,0
CUST01315,173,1,1832.6700439453125,1832.6700439453125,9,9.0,0,1.0,4,4,4,12,444,Medium Value,1
CUST01996,1033,1,1833.0,1833.0,10,10.0,0,1.0,1,1,4,6,114,Low Value,1
CUST00888,315,1,1833.1199951171875,1833.1199951171875,8,8.0,0,1.0,4,3,4,11,434,Medium Value,0
CUST02903,36,2,1834.4999771118164,917.2499885559082,18,9.0,394,1.0,5,5,4,14,554,High Value,2
CUST02248,563,1,1835.4599609375,1835.4599609375,9,9.0,0,1.0,3,2,4,9,324,Medium Value,1
CUST01318,355,1,1837.3499755859375,1837.3499755859375,15,15.0,0,1.0,4,3,4,11,434,Medium Value,1
CUST01811,748,1,1838.6099853515625,1838.6099853515625,9,9.0,0,1.0,2,2,4,8,224,Low Value,1
CUST00979,446,1,1840.800048828125,1840.800048828125,15,15.0,0,1.0,3,3,4,10,334,Medium Value,1
CUST02575,847,1,1845.43994140625,1845.43994140625,8,8.0,0,1.0,2,1,4,7,214,Low Value,1
CUST01193,425,1,1847.199951171875,1847.199951171875,8,8.0,0,1.0,3,3,4,10,334,Medium Value,0
CUST01733,41,2,1849.7999877929688,924.8999938964844,11,5.5,730,1.0,5,5,4,14,554,High Value,2
CUST01109,931,1,1850.0400390625,1850.0400390625,9,9.0,0,1.0,1,1,4,6,114,Low Value,1
CUST03251,924,1,1851.5,1851.5,7,7.0,0,1.0,1,1,4,6,114,Low Value,0
CUST01669,923,1,1851.9599609375,1851.9599609375,11,11.0,0,1.0,1,1,4,6,114,Low Value,1
CUST02933,26,1,1856.7900390625,1856.7900390625,9,9.0,0,1.0,5,4,4,13,544,High Value,1
CUST00388,585,1,1858.5,1858.5,14,14.0,0,1.0,3,2,4,9,324,Medium Value,1
CUST03181,806,1,1861.530029296875,1861.530029296875,11,11.0,0,1.0,2,2,4,8,224,Low Value,1
CUST00688,817,2,1862.3000030517578,931.1500015258789,10,5.0,111,1.0,2,5,4,11,254,Medium Value,0
CUST00817,846,1,1862.3800048828125,1862.3800048828125,13,13.0,0,1.0,2,1,4,7,214,Low Value,1
CUST02438,886,1,1864.47998046875,1864.47998046875,8,8.0,0,1.0,1,1,4,6,114,Low Value,1
CUST02249,59,2,1864.5099487304688,932.2549743652344,20,10.0,110,1.0,5,5,4,14,554,High Value,2
CUST00776,31,2,1868.7599487304688,934.3799743652344,10,5.0,323,1.0,5,5,4,14,554,High Value,2
CUST00381,57,1,1869.52001953125,1869.52001953125,8,8.0,0,1.0,5,4,4,13,544,High Value,0
CUST00974,934,1,1870.239990234375,1870.239990234375,8,8.0,0,1.0,1,1,4,6,114,Low Value,1
CUST03128,91,1,1870.5400390625,1870.5400390625,14,14.0,0,1.0,5,4,4,13,544,High Value,1
CUST02829,130,2,1875.9400024414062,937.9700012207031,13,6.5,644,1.0,5,5,4,14,554,High Value,2
CUST01652,255,1,1879.8399658203125,1879.8399658203125,8,8.0,0,1.0,4,4,4,12,444,Medium Value,0
CUST02687,168,2,1879.9499969482422,939.9749984741211,16,8.0,285,1.0,5,5,4,14,554,High Value,2
CUST00656,687,1,1891.199951171875,1891.199951171875,12,12.0,0,1.0,2,2,4,8,224,Low Value,1
CUST01792,298,1,1894.199951171875,1894.199951171875,7,7.0,0,1.0,4,4,4,12,444,Medium Value,0
CUST03082,1045,1,1895.739990234375,1895.739990234375,11,11.0,0,1.0,1,1,4,6,114,Low Value,1
CUST02930,5,1,1898.050048828125,1898.050048828125,7,7.0,0,1.0,5,4,4,13,544,High Value,0
CUST03079,496,1,1900.6500244140625,1900.6500244140625,15,15.0,0,1.0,3,3,4,10,334,Medium Value,1
CUST03150,3,2,1903.969985961914,951.984992980957,11,5.5,850,1.0,5,5,4,14,554,High Value,2
CUST00385,636,1,1910.1600341796875,1910.1600341796875,7,7.0,0,1.0,2,2,4,8,224,Low Value,0
CUST01276,841,1,1914.5999755859375,1914.5999755859375,10,10.0,0,1.0,2,1,4,7,214,Low Value,1
CUST01536,295,1,1914.6600341796875,1914.6600341796875,9,9.0,0,1.0,4,3,4,11,434,Medium Value,1
CUST01091,153,1,1917.9000244140625,1917.9000244140625,9,9.0,0,1.0,5,4,4,13,544,High Value,1
CUST00676,116,1,1918.4000244140625,1918.4000244140625,10,10.0,0,1.0,5,4,4,13,544,High Value,1
CUST02702,256,1,1918.77001953125,1918.77001953125,7,7.0,0,1.0,4,4,4,12,444,Medium Value,0
CUST00143,241,1,1920.699951171875,1920.699951171875,10,10.0,0,1.0,4,4,4,12,444,Medium Value,1
CUST01575,836,1,1923.0400390625,1923.0400390625,7,7.0,0,1.0,2,2,4,8,224,Low Value,0
CUST02871,468,1,1923.5999755859375,1923.5999755859375,7,7.0,0,1.0,3,3,4,10,334,Medium Value,0
CUST03228,130,1,1924.56005859375,1924.56005859375,8,8.0,0,1.0,5,4,4,13,544,High Value,0
CUST00271,119,2,1927.9200439453125,963.9600219726562,11,5.5,856,1.0,5,5,4,14,554,High Value,2
CUST00605,758,1,1929.1300048828125,1929.1300048828125,7,7.0,0,1.0,2,2,4,8,224,Low Value,0
CUST00829,29,3,1930.4200286865234,643.4733428955078,17,5.666666666666667,924,1.0,5,5,4,14,554,High Value,2
CUST01235,61,2,1933.330078125,966.6650390625,19,9.5,500,1.0,5,5,4,14,554,High Value,2
CUST02012,1058,1,1938.8199462890625,1938.8199462890625,13,13.0,0,1.0,1,1,4,6,114,Low Value,1
CUST02259,96,2,1942.2799987792969,971.1399993896484,12,6.0,245,1.0,5,5,4,14,554,High Value,2
CUST01925,957,1,1942.300048828125,1942.300048828125,10,10.0,0,1.0,1,1,4,6,114,Low Value,1
CUST01527,21,3,1942.8600463867188,647.6200154622396,33,11.0,311,1.0,5,5,4,14,554,High Value,2
CUST00905,123,1,1943.1099853515625,1943.1099853515625,13,13.0,0,1.0,5,4,4,13,544,High Value,1
CUST02041,420,1,1948.800048828125,1948.800048828125,12,12.0,0,1.0,3,3,4,10,334,Medium Value,1
CUST02760,875,1,1949.0799560546875,1949.0799560546875,14,14.0,0,1.0,1,1,4,6,114,Low Value,1
CUST02002,47,2,1952.27001953125,976.135009765625,13,6.5,629,1.0,5,5,4,14,554,High Value,2
CUST00529,713,2,1952.6099853515625,976.3049926757812,12,6.0,327,1.0,2,5,4,11,254,Medium Value,0
CUST00722,43,4,1961.9200286865234,490.48000717163086,23,5.75,988,1.0,5,5,4,14,554,High Value,2
CUST01955,1046,1,1963.050048828125,1963.050048828125,15,15.0,0,1.0,1,1,4,6,114,Low Value,1
CUST02845,530,1,1966.3199462890625,1966.3199462890625,12,12.0,0,1.0,3,3,4,10,334,Medium Value,1
CUST01254,58,2,1970.3400268554688,985.1700134277344,14,7.0,53,1.0,5,5,4,14,554,High Value,2
CUST02543,363,1,1975.4100341796875,1975.4100341796875,9,9.0,0,1.0,4,3,4,11,434,Medium Value,1
CUST01502,1025,1,1977.9200439453125,1977.9200439453125,8,8.0,0,1.0,1,1,4,6,114,Low Value,1
CUST00168,193,3,1979.0800170898438,659.6933390299479,31,10.333333333333334,624,1.0,4,5,4,13,454,High Value,2
CUST01209,1007,1,1982.1600341796875,1982.1600341796875,9,9.0,0,1.0,1,1,4,6,114,Low Value,1
CUST00807,1019,1,1985.3399658203125,1985.3399658203125,14,14.0,0,1.0,1,1,4,6,114,Low Value,1
CUST02537,885,1,1990.0999755859375,1990.0999755859375,14,14.0,0,1.0,1,1,4,6,114,Low Value,1
CUST03059,893,1,1991.3599853515625,1991.3599853515625,14,14.0,0,1.0,1,1,4,6,114,Low Value,1
CUST02517,792,1,1995.1199951171875,1995.1199951171875,9,9.0,0,1.0,2,2,4,8,224,Low Value,1
CUST00856,908,1,1996.8800048828125,1996.8800048828125,8,8.0,0,1.0,1,1,4,6,114,Low Value,1
CUST01433,51,1,1997.9300537109375,1997.9300537109375,11,11.0,0,1.0,5,4,4,13,544,High Value,1
CUST00886,531,1,1999.52001953125,1999.52001953125,8,8.0,0,1.0,3,3,4,10,334,Medium Value,0
CUST02525,539,1,2000.4599609375,2000.4599609375,11,11.0,0,1.0,3,3,4,10,334,Medium Value,1
CUST01025,303,1,2004.47998046875,2004.47998046875,8,8.0,0,1.0,4,3,4,11,434,Medium Value,0
CUST01317,47,2,2006.5099487304688,1003.2549743652344,15,7.5,637,1.0,5,5,4,14,554,High Value,2
CUST02239,905,1,2007.530029296875,2007.530029296875,7,7.0,0,1.0,1,1,4,6,114,Low Value,0
CUST00020,707,1,2009.280029296875,2009.280029296875,8,8.0,0,1.0,2,2,4,8,224,Low Value,1
CUST02875,100,1,2009.56005859375,2009.56005859375,7,7.0,0,1.0,5,4,4,13,544,High Value,0
CUST03100,613,2,2013.1399841308594,1006.5699920654297,14,7.0,168,1.0,2,5,4,11,254,Medium Value,0
CUST00421,346,1,2016.6300048828125,2016.6300048828125,7,7.0,0,1.0,4,3,4,11,434,Medium Value,0
CUST00060,922,1,2016.9000244140625,2016.9000244140625,10,10.0,0,1.0,1,1,4,6,114,Low Value,1
CUST01799,8,1,2017.18994140625,2017.18994140625,7,7.0,0,1.0,5,4,4,13,544,High Value,0
CUST02572,228,2,2017.4099731445312,1008.7049865722656,9,4.5,439,1.0,4,5,4,13,454,High Value,2
CUST01088,1051,1,2018.5,2018.5,10,10.0,0,1.0,1,1,4,6,114,Low Value,1
CUST02703,175,2,2020.719970703125,1010.3599853515625,12,6.0,103,1.0,4,5,4,13,454,High Value,0
CUST00741,966,1,2023.9100341796875,2023.9100341796875,7,7.0,0,1.0,1,1,4,6,114,Low Value,0
CUST00298,542,1,2027.3399658203125,2027.3399658203125,9,9.0,0,1.0,3,3,4,10,334,Medium Value,1
CUST02721,374,2,2030.1900024414062,1015.0950012207031,21,10.5,196,1.0,4,5,4,13,454,High Value,1
CUST01095,104,2,2032.5700073242188,1016.2850036621094,20,10.0,563,1.0,5,5,4,14,554,High Value,2
CUST02300,1045,1,2033.8499755859375,2033.8499755859375,13,13.0,0,1.0,1,1,4,6,114,Low Value,1
CUST00472,1036,1,2035.4000244140625,2035.4000244140625,10,10.0,0,1.0,1,1,4,6,114,Low Value,1
CUST02432,927,1,2037.969970703125,2037.969970703125,11,11.0,0,1.0,1,1,4,6,114,Low Value,1
CUST02534,375,2,2042.1700592041016,1021.0850296020508,15,7.5,315,1.0,4,5,4,13,454,High Value,2
CUST02546,634,1,2042.8800048828125,2042.8800048828125,12,12.0,0,1.0,2,2,4,8,224,Low Value,1
CUST01087,46,1,2043.5799560546875,2043.5799560546875,7,7.0,0,1.0,5,4,4,13,544,High Value,0
CUST01203,372,1,2047.010009765625,2047.010009765625,7,7.0,0,1.0,4,3,4,11,434,Medium Value,0
CUST00177,781,1,2049.2099609375,2049.2099609375,9,9.0,0,1.0,2,2,4,8,224,Low Value,1
CUST01061,289,1,2049.840087890625,2049.840087890625,12,12.0,0,1.0,4,3,4,11,434,Medium Value,1
CUST02639,910,1,2051.6298828125,2051.6298828125,7,7.0,0,1.0,1,1,4,6,114,Low Value,0
CUST00643,1043,1,2052.320068359375,2052.320068359375,8,8.0,0,1.0,1,1,4,6,114,Low Value,1
CUST01483,1082,1,2058.1201171875,2058.1201171875,12,12.0,0,1.0,1,1,4,6,114,Low Value,1
CUST02273,358,1,2060.0400390625,2060.0400390625,12,12.0,0,1.0,4,3,4,11,434,Medium Value,1
CUST01789,757,1,2061.1201171875,2061.1201171875,8,8.0,0,1.0,2,2,4,8,224,Low Value,1
CUST02518,501,1,2067.760009765625,2067.760009765625,8,8.0,0,1.0,3,3,4,10,334,Medium Value,0
CUST01384,109,2,2076.3600463867188,1038.1800231933594,22,11.0,745,1.0,5,5,4,14,554,High Value,2
CUST00027,218,1,2076.89990234375,2076.89990234375,7,7.0,0,1.0,4,4,4,12,444,Medium Value,0
CUST00630,848,1,2079.6298828125,2079.6298828125,7,7.0,0,1.0,2,1,4,7,214,Low Value,0
CUST03047,490,1,2080.10009765625,2080.10009765625,11,11.0,0,1.0,3,3,4,10,334,Medium Value,1
CUST01147,39,2,2080.9000244140625,1040.4500122070312,10,5.0,901,1.0,5,5,4,14,554,High Value,2
CUST02447,787,1,2083.840087890625,2083.840087890625,11,11.0,0,1.0,2,2,4,8,224,Low Value,1
CUST01882,112,1,2084.489990234375,2084.489990234375,9,9.0,0,1.0,5,4,4,13,544,High Value,1
CUST01295,314,2,2085.5200004577637,1042.7600002288818,12,6.0,140,1.0,4,5,4,13,454,High Value,0
CUST01207,187,1,2085.800048828125,2085.800048828125,10,10.0,0,1.0,4,4,4,12,444,Medium Value,1
CUST00042,358,4,2086.8000059127808,521.7000014781952,27,6.75,669,1.0,4,5,4,13,454,High Value,2
CUST00795,995,1,2089.39990234375,2089.39990234375,10,10.0,0,1.0,1,1,4,6,114,Low Value,1
CUST00961,934,1,2093.0,2093.0,7,7.0,0,1.0,1,1,4,6,114,Low Value,0
CUST00502,534,1,2094.9599609375,2094.9599609375,14,14.0,0,1.0,3,3,4,10,334,Medium Value,1
CUST02763,587,1,2098.110107421875,2098.110107421875,7,7.0,0,1.0,3,2,4,9,324,Medium Value,0
CUST00300,285,2,2098.199951171875,1049.0999755859375,12,6.0,583,1.0,4,5,4,13,454,High Value,2
CUST02122,360,2,2102.030029296875,1051.0150146484375,14,7.0,198,1.0,4,5,4,13,454,High Value,0
CUST00564,560,1,2108.280029296875,2108.280029296875,12,12.0,0,1.0,3,2,4,9,324,Medium Value,1
CUST01403,716,2,2109.8500366210938,1054.9250183105469,10,5.0,309,1.0,2,5,4,11,254,Medium Value,0
CUST00350,398,2,2110.9600219726562,1055.4800109863281,17,8.5,518,1.0,3,5,4,12,354,Medium Value,2
CUST00129,558,2,2112.6800537109375,1056.3400268554688,17,8.5,195,1.0,3,5,4,12,354,Medium Value,1
CUST00090,61,3,2114.1400146484375,704.7133382161459,18,6.0,927,1.0,5,5,4,14,554,High Value,2
CUST00290,834,1,2117.5,2117.5,10,10.0,0,1.0,2,2,4,8,224,Low Value,1
CUST02431,267,1,2121.75,2121.75,15,15.0,0,1.0,4,4,4,12,444,Medium Value,1
CUST01451,448,1,2126.669921875,2126.669921875,13,13.0,0,1.0,3,3,4,10,334,Medium Value,1
CUST01732,248,1,2129.139892578125,2129.139892578125,13,13.0,0,1.0,4,4,4,12,444,Medium Value,1
CUST00467,228,1,2129.89990234375,2129.89990234375,10,10.0,0,1.0,4,4,4,12,444,Medium Value,1
CUST02155,26,3,2133.2699584960938,711.0899861653646,15,5.0,916,1.0,5,5,4,14,554,High Value,2
CUST01737,669,2,2135.0399780273438,1067.5199890136719,14,7.0,277,1.0,2,5,4,11,254,Medium Value,0
CUST00872,52,1,2140.739990234375,2140.739990234375,9,9.0,0,1.0,5,4,4,13,544,High Value,1
CUST02541,79,1,2149.919921875,2149.919921875,8,8.0,0,1.0,5,4,4,13,544,High Value,0
CUST01097,79,1,2155.39990234375,2155.39990234375,13,13.0,0,1.0,5,4,4,13,544,High Value,1
CUST01328,154,1,2160.159912109375,2160.159912109375,8,8.0,0,1.0,5,4,4,13,544,High Value,0
CUST01157,990,1,2163.919921875,2163.919921875,8,8.0,0,1.0,1,1,4,6,114,Low Value,1
CUST01775,513,1,2171.070068359375,2171.070068359375,9,9.0,0,1.0,3,3,4,10,334,Medium Value,1
CUST02460,1084,1,2171.510009765625,2171.510009765625,11,11.0,0,1.0,1,1,4,6,114,Low Value,1
CUST03191,378,2,2174.4500122070312,1087.2250061035156,26,13.0,299,1.0,3,5,4,12,354,Medium Value,1
CUST02571,666,1,2175.60009765625,2175.60009765625,10,10.0,0,1.0,2,2,4,8,224,Low Value,1
CUST01810,617,1,2179.800048828125,2179.800048828125,15,15.0,0,1.0,2,2,4,8,224,Low Value,1
CUST02604,1,1,2184.52001953125,2184.52001953125,13,13.0,0,1.0,5,4,4,13,544,High Value,1
CUST02348,707,1,2184.840087890625,2184.840087890625,12,12.0,0,1.0,2,2,4,8,224,Low Value,1
CUST03125,274,2,2185.1600341796875,1092.5800170898438,19,9.5,254,1.0,4,5,4,13,454,High Value,2
CUST01933,881,1,2185.699951171875,2185.699951171875,10,10.0,0,1.0,1,1,4,6,114,Low Value,1
CUST02728,654,1,2187.760009765625,2187.760009765625,8,8.0,0,1.0,2,2,4,8,224,Low Value,1
CUST01473,553,1,2192.0400390625,2192.0400390625,12,12.0,0,1.0,3,3,4,10,334,Medium Value,1
CUST02441,81,2,2196.5999755859375,1098.2999877929688,25,12.5,21,1.0,5,5,4,14,554,High Value,1
CUST02199,484,1,2198.080078125,2198.080078125,8,8.0,0,1.0,3,3,4,10,334,Medium Value,0
CUST01640,198,1,2199.340087890625,2199.340087890625,13,13.0,0,1.0,4,4,4,12,444,Medium Value,1
CUST03189,68,2,2200.8200073242188,1100.4100036621094,17,8.5,26,1.0,5,5,4,14,554,High Value,2
CUST02190,272,3,2202.3699493408203,734.1233164469401,20,6.666666666666667,506,1.0,4,5,4,13,454,High Value,2
CUST03282,433,2,2205.280029296875,1102.6400146484375,19,9.5,24,1.0,3,5,4,12,354,Medium Value,1
CUST02481,31,2,2205.760009765625,1102.8800048828125,15,7.5,382,1.0,5,5,4,14,554,High Value,2
CUST03235,127,1,2212.719970703125,2212.719970703125,8,8.0,0,1.0,5,4,4,13,544,High Value,0
CUST03250,8,1,2219.489990234375,2219.489990234375,9,9.0,0,1.0,5,4,4,13,544,High Value,1
CUST00059,701,1,2221.919921875,2221.919921875,8,8.0,0,1.0,2,2,4,8,224,Low Value,1
CUST02469,1001,1,2222.760009765625,2222.760009765625,12,12.0,0,1.0,1,1,4,6,114,Low Value,1
CUST01953,571,1,2237.820068359375,2237.820068359375,13,13.0,0,1.0,3,2,4,9,324,Medium Value,1
CUST03052,160,1,2244.840087890625,2244.840087890625,12,12.0,0,1.0,5,4,4,13,544,High Value,1
CUST02510,205,1,2246.39990234375,2246.39990234375,12,12.0,0,1.0,4,4,4,12,444,Medium Value,1
CUST03130,742,1,2255.919921875,2255.919921875,8,8.0,0,1.0,2,2,4,8,224,Low Value,1
CUST01198,363,1,2257.06005859375,2257.06005859375,13,13.0,0,1.0,4,3,4,11,434,Medium Value,1
CUST02912,831,1,2258.8798828125,2258.8798828125,8,8.0,0,1.0,2,2,4,8,224,Low Value,1
CUST01631,501,2,2261.300048828125,1130.6500244140625,12,6.0,105,1.0,3,5,4,12,354,Medium Value,0
CUST00897,726,1,2264.300048828125,2264.300048828125,10,10.0,0,1.0,2,2,4,8,224,Low Value,1
CUST02862,779,1,2265.43994140625,2265.43994140625,8,8.0,0,1.0,2,2,4,8,224,Low Value,1
CUST02874,529,1,2268.31005859375,2268.31005859375,11,11.0,0,1.0,3,3,4,10,334,Medium Value,1
CUST01857,346,3,2270.4200286865234,756.8066762288412,26,8.666666666666666,401,1.0,4,5,4,13,454,High Value,2
CUST03092,49,1,2272.760009765625,2272.760009765625,14,14.0,0,1.0,5,4,4,13,544,High Value,1
CUST01560,823,1,2275.739990234375,2275.739990234375,9,9.0,0,1.0,2,2,4,8,224,Low Value,1
CUST00026,1068,1,2275.840087890625,2275.840087890625,14,14.0,0,1.0,1,1,4,6,114,Low Value,1
CUST01995,821,2,2280.2600708007812,1140.1300354003906,10,5.0,219,1.0,2,5,4,11,254,Medium Value,0
CUST00054,906,1,2283.050048828125,2283.050048828125,11,11.0,0,1.0,1,1,4,6,114,Low Value,1
CUST01548,1056,1,2286.760009765625,2286.760009765625,14,14.0,0,1.0,1,1,4,6,114,Low Value,1
CUST00010,311,1,2287.340087890625,2287.340087890625,11,11.0,0,1.0,4,3,4,11,434,Medium Value,1
CUST02337,14,2,2291.070114135742,1145.535057067871,19,9.5,751,1.0,5,5,4,14,554,High Value,2
CUST02013,21,2,2291.6100463867188,1145.8050231933594,11,5.5,576,1.0,5,5,4,14,554,High Value,2
CUST00328,209,2,2291.97998046875,1145.989990234375,19,9.5,242,1.0,4,5,4,13,454,High Value,2
CUST01756,93,1,2292.14990234375,2292.14990234375,15,15.0,0,1.0,5,4,4,13,544,High Value,1
CUST02789,196,1,2294.909912109375,2294.909912109375,9,9.0,0,1.0,4,4,4,12,444,Medium Value,1
CUST01987,984,1,2297.760009765625,2297.760009765625,12,12.0,0,1.0,1,1,4,6,114,Low Value,1
CUST00862,294,1,2299.199951171875,2299.199951171875,15,15.0,0,1.0,4,3,4,11,434,Medium Value,1
CUST02818,648,2,2300.010009765625,1150.0050048828125,13,6.5,422,1.0,2,5,4,11,254,Medium Value,2
CUST00853,689,1,2301.0,2301.0,13,13.0,0,1.0,2,2,4,8,224,Low Value,1
CUST02592,42,1,2301.89990234375,2301.89990234375,15,15.0,0,1.0,5,4,4,13,544,High Value,1
CUST02058,45,1,2303.699951171875,2303.699951171875,14,14.0,0,1.0,5,4,4,13,544,High Value,1
CUST02163,815,1,2307.0400390625,2307.0400390625,8,8.0,0,1.0,2,2,4,8,224,Low Value,1
CUST02110,609,1,2307.780029296875,2307.780029296875,9,9.0,0,1.0,2,2,4,8,224,Low Value,1
CUST01738,622,2,2308.289993286133,1154.1449966430664,23,11.5,190,1.0,2,5,4,11,254,Medium Value,1
CUST01117,819,1,2308.949951171875,2308.949951171875,15,15.0,0,1.0,2,2,4,8,224,Low Value,1
CUST02526,922,1,2311.97998046875,2311.97998046875,11,11.0,0,1.0,1,1,4,6,114,Low Value,1
CUST00159,693,1,2312.199951171875,2312.199951171875,10,10.0,0,1.0,2,2,4,8,224,Low Value,1
CUST00709,435,1,2315.159912109375,2315.159912109375,9,9.0,0,1.0,3,3,4,10,334,Medium Value,1
CUST01108,838,1,2315.60009765625,2315.60009765625,8,8.0,0,1.0,2,2,4,8,224,Low Value,1
CUST01570,670,2,2316.050048828125,1158.0250244140625,27,13.5,267,1.0,2,5,4,11,254,Medium Value,1
CUST02656,68,2,2318.0000610351562,1159.0000305175781,11,5.5,656,1.0,5,5,4,14,554,High Value,2
CUST02611,815,2,2321.719970703125,1160.8599853515625,14,7.0,146,1.0,2,5,4,11,254,Medium Value,0
CUST02568,878,1,2322.8701171875,2322.8701171875,11,11.0,0,1.0,1,1,4,6,114,Low Value,1
CUST02701,255,1,2323.300048828125,2323.300048828125,14,14.0,0,1.0,4,4,4,12,444,Medium Value,1
CUST01480,662,1,2323.7099609375,2323.7099609375,9,9.0,0,1.0,2,2,4,8,224,Low Value,1
CUST01282,702,1,2327.219970703125,2327.219970703125,14,14.0,0,1.0,2,2,4,8,224,Low Value,1
CUST02086,542,3,2330.6500549316406,776.8833516438802,16,5.333333333333333,168,1.0,3,5,4,12,354,Medium Value,0
CUST01862,593,1,2334.800048828125,2334.800048828125,10,10.0,0,1.0,3,2,4,9,324,Medium Value,1
CUST00226,671,1,2337.14990234375,2337.14990234375,15,15.0,0,1.0,2,2,4,8,224,Low Value,1
CUST03217,88,1,2338.800048828125,2338.800048828125,12,12.0,0,1.0,5,4,4,13,544,High Value,1
CUST02423,956,1,2339.820068359375,2339.820068359375,14,14.0,0,1.0,1,1,4,6,114,Low Value,1
CUST02451,263,2,2342.239990234375,1171.1199951171875,17,8.5,677,1.0,4,5,4,13,454,High Value,2
CUST03070,740,1,2343.43994140625,2343.43994140625,8,8.0,0,1.0,2,2,4,8,224,Low Value,1
CUST03004,246,1,2344.919921875,2344.919921875,12,12.0,0,1.0,4,4,4,12,444,Medium Value,1
CUST01167,805,1,2346.659912109375,2346.659912109375,9,9.0,0,1.0,2,2,4,8,224,Low Value,1
CUST02688,327,2,2353.7699584960938,1176.8849792480469,21,10.5,34,1.0,4,5,4,13,454,High Value,1
CUST01249,109,1,2354.659912109375,2354.659912109375,14,14.0,0,1.0,5,4,4,13,544,High Value,1
CUST00461,1071,1,2354.68994140625,2354.68994140625,13,13.0,0,1.0,1,1,4,6,114,Low Value,1
CUST00549,1039,1,2355.360107421875,2355.360107421875,12,12.0,0,1.0,1,1,4,6,114,Low Value,1
CUST01484,343,1,2361.10009765625,2361.10009765625,10,10.0,0,1.0,4,3,4,11,434,Medium Value,1
CUST01722,317,1,2361.800048828125,2361.800048828125,14,14.0,0,1.0,4,3,4,11,434,Medium Value,1
CUST02556,104,2,2366.0199584960938,1183.0099792480469,19,9.5,135,1.0,5,5,4,14,554,High Value,2
CUST02968,207,2,2367.3599853515625,1183.6799926757812,23,11.5,377,1.0,4,5,4,13,454,High Value,2
CUST01990,183,1,2370.419921875,2370.419921875,9,9.0,0,1.0,4,4,4,12,444,Medium Value,1
CUST01557,525,2,2378.8800659179688,1189.4400329589844,18,9.0,296,1.0,3,5,4,12,354,Medium Value,2
CUST02895,711,1,2383.830078125,2383.830078125,9,9.0,0,1.0,2,2,4,8,224,Low Value,1
CUST00061,831,1,2386.800048828125,2386.800048828125,8,8.0,0,1.0,2,2,4,8,224,Low Value,1
CUST01130,144,1,2386.89990234375,2386.89990234375,10,10.0,0,1.0,5,4,4,13,544,High Value,1
CUST01285,43,1,2395.139892578125,2395.139892578125,11,11.0,0,1.0,5,4,4,13,544,High Value,1
CUST01507,709,2,2396.4700927734375,1198.2350463867188,12,6.0,197,1.0,2,5,4,11,254,Medium Value,0
CUST02467,58,1,2398.159912109375,2398.159912109375,8,8.0,0,1.0,5,4,4,13,544,High Value,0
CUST02392,155,2,2412.830047607422,1206.415023803711,14,7.0,863,1.0,5,5,4,14,554,High Value,2
CUST03153,1057,2,2416.6200561523438,1208.3100280761719,15,7.5,38,1.0,1,5,4,10,154,Medium Value,1
CUST01632,385,2,2420.3400268554688,1210.1700134277344,18,9.0,140,1.0,3,5,4,12,354,Medium Value,1
CUST01713,258,1,2423.800048828125,2423.800048828125,10,10.0,0,1.0,4,4,4,12,444,Medium Value,1
CUST02659,486,1,2426.639892578125,2426.639892578125,12,12.0,0,1.0,3,3,4,10,334,Medium Value,1
CUST01816,132,2,2428.18994140625,1214.094970703125,13,6.5,169,1.0,5,5,4,14,554,High Value,2
CUST01723,716,1,2433.75,2433.75,15,15.0,0,1.0,2,2,4,8,224,Low Value,1
CUST02388,819,1,2436.389892578125,2436.389892578125,9,9.0,0,1.0,2,2,4,8,224,Low Value,1
CUST00433,101,2,2440.4600219726562,1220.2300109863281,20,10.0,424,1.0,5,5,4,14,554,High Value,2
CUST00390,79,1,2443.64990234375,2443.64990234375,15,15.0,0,1.0,5,4,4,13,544,High Value,1
CUST02774,134,2,2448.6899032592773,1224.3449516296387,15,7.5,766,1.0,5,5,4,14,554,High Value,2
CUST01177,942,1,2450.699951171875,2450.699951171875,10,10.0,0,1.0,1,1,4,6,114,Low Value,1
CUST01265,988,1,2451.929931640625,2451.929931640625,13,13.0,0,1.0,1,1,4,6,114,Low Value,1
CUST00673,836,1,2456.010009765625,2456.010009765625,9,9.0,0,1.0,2,2,4,8,224,Low Value,1
CUST00462,958,1,2459.820068359375,2459.820068359375,11,11.0,0,1.0,1,1,4,6,114,Low Value,1
CUST02699,104,1,2460.1201171875,2460.1201171875,12,12.0,0,1.0,5,4,4,13,544,High Value,1
CUST00428,683,1,2467.139892578125,2467.139892578125,13,13.0,0,1.0,2,2,4,8,224,Low Value,1
CUST02811,642,1,2469.610107421875,2469.610107421875,13,13.0,0,1.0,2,2,4,8,224,Low Value,1
CUST02112,126,2,2470.619903564453,1235.3099517822266,17,8.5,366,1.0,5,5,4,14,554,High Value,2
CUST00767,553,1,2473.110107421875,2473.110107421875,9,9.0,0,1.0,3,3,4,10,334,Medium Value,1
CUST02465,1023,2,2473.2298889160156,1236.6149444580078,14,7.0,50,1.0,1,5,4,10,154,Medium Value,0
CUST00337,428,1,2475.89990234375,2475.89990234375,9,9.0,0,1.0,3,3,4,10,334,Medium Value,1
CUST01617,821,2,2480.339874267578,1240.169937133789,10,5.0,227,1.0,2,5,4,11,254,Medium Value,0
CUST02080,276,1,2485.56005859375,2485.56005859375,12,12.0,0,1.0,4,4,4,12,444,Medium Value,1
CUST01440,965,1,2486.1201171875,2486.1201171875,13,13.0,0,1.0,1,1,4,6,114,Low Value,1
CUST02838,699,1,2486.39990234375,2486.39990234375,10,10.0,0,1.0,2,2,4,8,224,Low Value,1
CUST02412,1035,1,2488.590087890625,2488.590087890625,9,9.0,0,1.0,1,1,4,6,114,Low Value,1
CUST01341,167,1,2492.25,2492.25,15,15.0,0,1.0,5,4,5,14,545,High Value,1
CUST01052,708,3,2494.459997177124,831.486665725708,23,7.666666666666667,336,1.0,2,5,5,12,255,Medium Value,2
CUST01079,1081,1,2500.199951171875,2500.199951171875,12,12.0,0,1.0,1,1,5,7,115,Low Value,1
CUST00489,1035,1,2510.639892578125,2510.639892578125,11,11.0,0,1.0,1,1,5,7,115,Low Value,1
CUST01890,606,1,2510.909912109375,2510.909912109375,9,9.0,0,1.0,3,3,5,11,335,Medium Value,1
CUST01922,997,1,2512.510009765625,2512.510009765625,13,13.0,0,1.0,1,1,5,7,115,Low Value,1
CUST00750,204,2,2512.7300415039062,1256.3650207519531,15,7.5,778,1.0,4,5,5,14,455,High Value,2
CUST00552,835,1,2514.60009765625,2514.60009765625,15,15.0,0,1.0,2,2,5,9,225,Medium Value,1
CUST00746,307,1,2525.0400390625,2525.0400390625,12,12.0,0,1.0,4,4,5,13,445,High Value,1
CUST01550,109,2,2525.7400970458984,1262.8700485229492,21,10.5,595,1.0,5,5,5,15,555,High Value,2
CUST00430,100,1,2527.39990234375,2527.39990234375,10,10.0,0,1.0,5,4,5,14,545,High Value,1
CUST00474,647,1,2532.010009765625,2532.010009765625,13,13.0,0,1.0,2,2,5,9,225,Medium Value,1
CUST01361,923,1,2535.719970703125,2535.719970703125,11,11.0,0,1.0,1,1,5,7,115,Low Value,1
CUST02059,932,1,2537.989990234375,2537.989990234375,13,13.0,0,1.0,1,1,5,7,115,Low Value,1
CUST00806,703,1,2538.300048828125,2538.300048828125,15,15.0,0,1.0,2,2,5,9,225,Medium Value,1
CUST01533,135,3,2541.7300415039062,847.2433471679688,31,10.333333333333334,445,1.0,5,5,5,15,555,High Value,2
CUST00458,860,1,2543.090087890625,2543.090087890625,11,11.0,0,1.0,1,1,5,7,115,Low Value,1
CUST02807,761,1,2546.280029296875,2546.280029296875,9,9.0,0,1.0,2,2,5,9,225,Medium Value,1
CUST00349,699,1,2548.080078125,2548.080078125,9,9.0,0,1.0,2,2,5,9,225,Medium Value,1
CUST01189,294,1,2550.800048828125,2550.800048828125,10,10.0,0,1.0,4,3,5,12,435,Medium Value,1
CUST00415,660,2,2552.659942626953,1276.3299713134766,10,5.0,356,1.0,2,5,5,12,255,Medium Value,0
CUST00288,893,1,2555.280029296875,2555.280029296875,13,13.0,0,1.0,1,1,5,7,115,Low Value,1
CUST03044,275,1,2555.929931640625,2555.929931640625,13,13.0,0,1.0,4,4,5,13,445,High Value,1
CUST00595,29,1,2560.56005859375,2560.56005859375,12,12.0,0,1.0,5,4,5,14,545,High Value,1
CUST00248,90,2,2561.2099609375,1280.60498046875,23,11.5,748,1.0,5,5,5,15,555,High Value,2
CUST00438,70,3,2563.8299865722656,854.6099955240885,26,8.666666666666666,473,1.0,5,5,5,15,555,High Value,2
CUST03285,751,1,2566.9599609375,2566.9599609375,11,11.0,0,1.0,2,2,5,9,225,Medium Value,1
CUST00821,607,2,2568.1600341796875,1284.0800170898438,21,10.5,378,1.0,3,5,5,13,355,High Value,1
CUST00051,239,1,2571.47998046875,2571.47998046875,12,12.0,0,1.0,4,4,5,13,445,High Value,1
CUST01422,1062,1,2572.199951171875,2572.199951171875,15,15.0,0,1.0,1,1,5,7,115,Low Value,1
CUST00966,48,1,2572.469970703125,2572.469970703125,9,9.0,0,1.0,5,4,5,14,545,High Value,1
CUST01589,492,1,2572.919921875,2572.919921875,12,12.0,0,1.0,3,3,5,11,335,Medium Value,1
CUST02672,268,1,2595.669921875,2595.669921875,11,11.0,0,1.0,4,4,5,13,445,High Value,1
CUST02137,822,1,2596.679931640625,2596.679931640625,12,12.0,0,1.0,2,2,5,9,225,Medium Value,1
CUST00843,831,1,2599.679931640625,2599.679931640625,12,12.0,0,1.0,2,2,5,9,225,Medium Value,1
CUST02314,152,2,2600.52001953125,1300.260009765625,15,7.5,240,1.0,5,5,5,15,555,High Value,2
CUST00308,329,1,2605.919921875,2605.919921875,12,12.0,0,1.0,4,3,5,12,435,Medium Value,1
CUST01085,117,1,2608.800048828125,2608.800048828125,10,10.0,0,1.0,5,4,5,14,545,High Value,1
CUST00971,63,1,2609.360107421875,2609.360107421875,13,13.0,0,1.0,5,4,5,14,545,High Value,1
CUST00437,513,1,2612.0,2612.0,10,10.0,0,1.0,3,3,5,11,335,Medium Value,1
CUST01826,266,1,2616.4599609375,2616.4599609375,14,14.0,0,1.0,4,4,5,13,445,High Value,1
CUST00002,258,1,2619.699951171875,2619.699951171875,10,10.0,0,1.0,4,4,5,13,445,High Value,1
CUST02427,287,1,2626.679931640625,2626.679931640625,12,12.0,0,1.0,4,3,5,12,435,Medium Value,1
CUST01902,932,1,2626.919921875,2626.919921875,9,9.0,0,1.0,1,1,5,7,115,Low Value,1
CUST00650,380,1,2628.1201171875,2628.1201171875,12,12.0,0,1.0,3,3,5,11,335,Medium Value,1
CUST00684,250,1,2628.800048828125,2628.800048828125,10,10.0,0,1.0,4,4,5,13,445,High Value,1
CUST01054,908,1,2628.989990234375,2628.989990234375,9,9.0,0,1.0,1,1,5,7,115,Low Value,1
CUST01839,410,1,2636.909912109375,2636.909912109375,9,9.0,0,1.0,3,3,5,11,335,Medium Value,1
CUST00823,329,2,2641.560028076172,1320.780014038086,12,6.0,459,1.0,4,5,5,14,455,High Value,2
CUST02618,564,1,2644.840087890625,2644.840087890625,11,11.0,0,1.0,3,2,5,10,325,Medium Value,1
CUST00176,944,1,2645.699951171875,2645.699951171875,15,15.0,0,1.0,1,1,5,7,115,Low Value,1
CUST00871,186,1,2647.530029296875,2647.530029296875,9,9.0,0,1.0,4,4,5,13,445,High Value,1
CUST00771,564,1,2648.030029296875,2648.030029296875,11,11.0,0,1.0,3,2,5,10,325,Medium Value,1
CUST01472,283,1,2654.85009765625,2654.85009765625,15,15.0,0,1.0,4,4,5,13,445,High Value,1
CUST01978,921,1,2657.159912109375,2657.159912109375,12,12.0,0,1.0,1,1,5,7,115,Low Value,1
CUST00896,796,2,2659.8599548339844,1329.9299774169922,17,8.5,38,1.0,2,5,5,12,255,Medium Value,1
CUST01611,724,3,2659.989990234375,886.663330078125,23,7.666666666666667,290,1.0,2,5,5,12,255,Medium Value,2
CUST03147,31,1,2660.7099609375,2660.7099609375,13,13.0,0,1.0,5,4,5,14,545,High Value,1
CUST01898,138,2,2661.080078125,1330.5400390625,13,6.5,486,1.0,5,5,5,15,555,High Value,2
CUST01464,273,1,2661.719970703125,2661.719970703125,12,12.0,0,1.0,4,4,5,13,445,High Value,1
CUST02319,75,2,2663.9100341796875,1331.9550170898438,14,7.0,666,1.0,5,5,5,15,555,High Value,2
CUST02184,157,1,2665.0,2665.0,13,13.0,0,1.0,5,4,5,14,545,High Value,1
CUST01179,655,1,2666.6201171875,2666.6201171875,11,11.0,0,1.0,2,2,5,9,225,Medium Value,1
CUST00740,305,1,2667.06005859375,2667.06005859375,11,11.0,0,1.0,4,3,5,12,435,Medium Value,1
CUST01690,649,1,2677.47998046875,2677.47998046875,13,13.0,0,1.0,2,2,5,9,225,Medium Value,1
CUST00184,983,1,2677.60009765625,2677.60009765625,10,10.0,0,1.0,1,1,5,7,115,Low Value,1
CUST00041,1054,1,2677.639892578125,2677.639892578125,14,14.0,0,1.0,1,1,5,7,115,Low Value,1
CUST02852,25,1,2681.159912109375,2681.159912109375,12,12.0,0,1.0,5,4,5,14,545,High Value,1
CUST02787,28,1,2684.610107421875,2684.610107421875,9,9.0,0,1.0,5,4,5,14,545,High Value,1
CUST00233,120,1,2689.169921875,2689.169921875,11,11.0,0,1.0,5,4,5,14,545,High Value,1
CUST00422,533,1,2696.199951171875,2696.199951171875,13,13.0,0,1.0,3,3,5,11,335,Medium Value,1
CUST01003,408,2,2697.5998916625977,1348.7999458312988,13,6.5,578,1.0,3,5,5,13,355,High Value,2
CUST02998,902,1,2700.739990234375,2700.739990234375,14,14.0,0,1.0,1,1,5,7,115,Low Value,1
CUST01290,889,1,2701.39990234375,2701.39990234375,13,13.0,0,1.0,1,1,5,7,115,Low Value,1
CUST00431,228,1,2703.89990234375,2703.89990234375,10,10.0,0,1.0,4,4,5,13,445,High Value,1
CUST03121,94,2,2713.5899658203125,1356.7949829101562,15,7.5,282,1.0,5,5,5,15,555,High Value,2
CUST00295,606,2,2715.0899353027344,1357.5449676513672,14,7.0,91,1.0,3,5,5,13,355,High Value,0
CUST00500,727,2,2723.4800415039062,1361.7400207519531,16,8.0,261,1.0,2,5,5,12,255,Medium Value,1
CUST01593,196,1,2724.89990234375,2724.89990234375,10,10.0,0,1.0,4,4,5,13,445,High Value,1
CUST01885,482,1,2730.909912109375,2730.909912109375,13,13.0,0,1.0,3,3,5,11,335,Medium Value,1
CUST00816,687,1,2735.0,2735.0,10,10.0,0,1.0,2,2,5,9,225,Medium Value,1
CUST02299,820,1,2738.52001953125,2738.52001953125,12,12.0,0,1.0,2,2,5,9,225,Medium Value,1
CUST02519,763,1,2742.300048828125,2742.300048828125,15,15.0,0,1.0,2,2,5,9,225,Medium Value,1
CUST00038,1015,1,2743.389892578125,2743.389892578125,13,13.0,0,1.0,1,1,5,7,115,Low Value,1
CUST02306,781,2,2743.6800537109375,1371.8400268554688,23,11.5,237,1.0,2,5,5,12,255,Medium Value,1
CUST00739,238,1,2749.179931640625,2749.179931640625,14,14.0,0,1.0,4,4,5,13,445,High Value,1
CUST01940,750,1,2750.43994140625,2750.43994140625,11,11.0,0,1.0,2,2,5,9,225,Medium Value,1
CUST02291,481,1,2763.9599609375,2763.9599609375,12,12.0,0,1.0,3,3,5,11,335,Medium Value,1
CUST00845,345,2,2772.6699829101562,1386.3349914550781,13,6.5,88,1.0,4,5,5,14,455,High Value,0
CUST01331,371,1,2775.919921875,2775.919921875,14,14.0,0,1.0,4,3,5,12,435,Medium Value,1
CUST01300,231,2,2776.980010986328,1388.490005493164,16,8.0,563,1.0,4,5,5,14,455,High Value,2
CUST02924,390,1,2779.97998046875,2779.97998046875,14,14.0,0,1.0,3,3,5,11,335,Medium Value,1
CUST00512,13,1,2787.300048828125,2787.300048828125,15,15.0,0,1.0,5,4,5,14,545,High Value,1
CUST02216,981,2,2788.860107421875,1394.4300537109375,18,9.0,96,1.0,1,5,5,11,155,Medium Value,1
CUST00304,861,1,2793.239990234375,2793.239990234375,12,12.0,0,1.0,1,1,5,7,115,Low Value,1
CUST02876,112,2,2793.550079345703,1396.7750396728516,13,6.5,613,1.0,5,5,5,15,555,High Value,2
CUST01503,950,1,2806.800048828125,2806.800048828125,12,12.0,0,1.0,1,1,5,7,115,Low Value,1
CUST00642,71,2,2807.239990234375,1403.6199951171875,12,6.0,597,1.0,5,5,5,15,555,High Value,2
CUST02684,162,1,2807.280029296875,2807.280029296875,12,12.0,0,1.0,5,4,5,14,545,High Value,1
CUST01971,436,1,2807.610107421875,2807.610107421875,13,13.0,0,1.0,3,3,5,11,335,Medium Value,1
CUST01055,677,1,2807.75,2807.75,11,11.0,0,1.0,2,2,5,9,225,Medium Value,1
CUST01372,554,1,2809.800048828125,2809.800048828125,10,10.0,0,1.0,3,3,5,11,335,Medium Value,1
CUST03183,440,1,2818.010009765625,2818.010009765625,13,13.0,0,1.0,3,3,5,11,335,Medium Value,1
CUST00441,490,1,2818.5,2818.5,10,10.0,0,1.0,3,3,5,11,335,Medium Value,1
CUST03093,544,1,2819.5,2819.5,10,10.0,0,1.0,3,3,5,11,335,Medium Value,1
CUST00180,274,1,2819.85009765625,2819.85009765625,15,15.0,0,1.0,4,4,5,13,445,High Value,1
CUST00096,739,2,2820.5399169921875,1410.2699584960938,14,7.0,110,1.0,2,5,5,12,255,Medium Value,0
CUST00696,110,2,2824.8001098632812,1412.4000549316406,27,13.5,74,1.0,5,5,5,15,555,High Value,1
CUST00254,191,2,2832.8299560546875,1416.4149780273438,20,10.0,505,1.0,4,5,5,14,455,High Value,2
CUST02623,1014,1,2835.360107421875,2835.360107421875,11,11.0,0,1.0,1,1,5,7,115,Low Value,1
CUST02267,845,1,2839.6201171875,2839.6201171875,14,14.0,0,1.0,2,1,5,8,215,Low Value,1
CUST00779,447,2,2840.5799560546875,1420.2899780273438,16,8.0,547,1.0,3,5,5,13,355,High Value,2
CUST02214,774,1,2843.10009765625,2843.10009765625,15,15.0,0,1.0,2,2,5,9,225,Medium Value,1
CUST01124,793,2,2857.589889526367,1428.7949447631836,17,8.5,29,1.0,2,5,5,12,255,Medium Value,1
CUST00225,1039,1,2858.5,2858.5,10,10.0,0,1.0,1,1,5,7,115,Low Value,1
CUST01301,258,2,2858.6800537109375,1429.3400268554688,12,6.0,816,1.0,4,5,5,14,455,High Value,2
CUST02282,677,1,2859.080078125,2859.080078125,14,14.0,0,1.0,2,2,5,9,225,Medium Value,1
CUST03168,655,1,2864.60009765625,2864.60009765625,10,10.0,0,1.0,2,2,5,9,225,Medium Value,1
CUST02500,71,3,2868.3399505615234,956.1133168538412,35,11.666666666666666,615,1.0,5,5,5,15,555,High Value,2
CUST02109,1058,1,2870.0400390625,2870.0400390625,12,12.0,0,1.0,1,1,5,7,115,Low Value,1
CUST00158,423,1,2878.679931640625,2878.679931640625,14,14.0,0,1.0,3,3,5,11,335,Medium Value,1
CUST03089,193,1,2882.60009765625,2882.60009765625,10,10.0,0,1.0,4,4,5,13,445,High Value,1
CUST01551,34,2,2882.860122680664,1441.430061340332,27,13.5,768,1.0,5,5,5,15,555,High Value,2
CUST01903,537,1,2883.39990234375,2883.39990234375,13,13.0,0,1.0,3,3,5,11,335,Medium Value,1
CUST03186,416,2,2885.8399658203125,1442.9199829101562,18,9.0,415,1.0,3,5,5,13,355,High Value,2
CUST01787,251,2,2889.5799865722656,1444.7899932861328,11,5.5,656,1.0,4,5,5,14,455,High Value,2
CUST00162,423,1,2894.5400390625,2894.5400390625,11,11.0,0,1.0,3,3,5,11,335,Medium Value,1
CUST00195,436,1,2899.199951171875,2899.199951171875,15,15.0,0,1.0,3,3,5,11,335,Medium Value,1
CUST00272,0,1,2904.300048828125,2904.300048828125,15,15.0,0,1.0,5,4,5,14,545,High Value,1
CUST03127,416,1,2906.0,2906.0,10,10.0,0,1.0,3,3,5,11,335,Medium Value,1
CUST02828,745,3,2921.070068359375,973.6900227864584,30,10.0,43,1.0,2,5,5,12,255,Medium Value,1
CUST02932,629,1,2925.840087890625,2925.840087890625,12,12.0,0,1.0,2,2,5,9,225,Medium Value,1
CUST02107,1033,1,2929.550048828125,2929.550048828125,13,13.0,0,1.0,1,1,5,7,115,Low Value,1
CUST02504,80,2,2930.7999877929688,1465.3999938964844,15,7.5,33,1.0,5,5,5,15,555,High Value,2
CUST00989,131,2,2931.280044555664,1465.640022277832,18,9.0,708,1.0,5,5,5,15,555,High Value,2
CUST00222,925,1,2939.860107421875,2939.860107421875,14,14.0,0,1.0,1,1,5,7,115,Low Value,1
CUST01413,1061,1,2942.25,2942.25,15,15.0,0,1.0,1,1,5,7,115,Low Value,1
CUST02596,602,1,2945.409912109375,2945.409912109375,13,13.0,0,1.0,3,2,5,10,325,Medium Value,1
CUST00924,994,1,2945.929931640625,2945.929931640625,13,13.0,0,1.0,1,1,5,7,115,Low Value,1
CUST01768,110,1,2947.280029296875,2947.280029296875,14,14.0,0,1.0,5,4,5,14,545,High Value,1
CUST02008,229,1,2947.6201171875,2947.6201171875,13,13.0,0,1.0,4,4,5,13,445,High Value,1
CUST02600,44,1,2951.699951171875,2951.699951171875,15,15.0,0,1.0,5,4,5,14,545,High Value,1
CUST01772,138,1,2956.199951171875,2956.199951171875,10,10.0,0,1.0,5,4,5,14,545,High Value,1
CUST01840,510,1,2961.89990234375,2961.89990234375,10,10.0,0,1.0,3,3,5,11,335,Medium Value,1
CUST00728,1092,1,2962.199951171875,2962.199951171875,15,15.0,0,1.0,1,1,5,7,115,Low Value,1
CUST00878,1056,1,2972.800048828125,2972.800048828125,10,10.0,0,1.0,1,1,5,7,115,Low Value,1
CUST00929,488,2,2974.2600021362305,1487.1300010681152,12,6.0,226,1.0,3,5,5,13,355,High Value,0
CUST02227,421,2,2982.3900146484375,1491.1950073242188,15,7.5,369,1.0,3,5,5,13,355,High Value,2
CUST01394,345,2,2984.7101135253906,1492.3550567626953,21,10.5,92,1.0,4,5,5,14,455,High Value,1
CUST00617,356,1,2986.340087890625,2986.340087890625,14,14.0,0,1.0,4,3,5,12,435,Medium Value,1
CUST01287,360,3,2990.3700561523438,996.7900187174479,23,7.666666666666667,631,1.0,4,5,5,14,455,High Value,2
CUST02747,1070,1,2997.47998046875,2997.47998046875,12,12.0,0,1.0,1,1,5,7,115,Low Value,1
CUST00773,877,1,2997.5,2997.5,10,10.0,0,1.0,1,2,5,8,125,Low Value,1
CUST01183,902,1,3006.6298828125,3006.6298828125,11,11.0,0,1.0,1,1,5,7,115,Low Value,1
CUST00019,602,1,3008.719970703125,3008.719970703125,13,13.0,0,1.0,3,2,5,10,325,Medium Value,1
CUST02561,94,2,3014.2000732421875,1507.1000366210938,12,6.0,103,1.0,5,5,5,15,555,High Value,2
CUST03240,389,1,3016.719970703125,3016.719970703125,14,14.0,0,1.0,3,3,5,11,335,Medium Value,1
CUST02636,77,2,3017.4000244140625,1508.7000122070312,18,9.0,584,1.0,5,5,5,15,555,High Value,2
CUST00317,548,1,3034.800048828125,3034.800048828125,12,12.0,0,1.0,3,3,5,11,335,Medium Value,1
CUST00076,432,1,3036.669921875,3036.669921875,13,13.0,0,1.0,3,3,5,11,335,Medium Value,1
CUST01344,886,1,3037.969970703125,3037.969970703125,13,13.0,0,1.0,1,1,5,7,115,Low Value,1
CUST01163,946,1,3038.6201171875,3038.6201171875,13,13.0,0,1.0,1,1,5,7,115,Low Value,1
CUST00280,315,3,3041.429931640625,1013.8099772135416,26,8.666666666666666,305,1.0,4,5,5,14,455,High Value,2
CUST02230,843,2,3047.3399047851562,1523.6699523925781,13,6.5,105,1.0,2,5,5,12,255,Medium Value,0
CUST00395,988,1,3052.39990234375,3052.39990234375,13,13.0,0,1.0,1,1,5,7,115,Low Value,1
CUST00064,165,3,3055.739990234375,1018.5799967447916,41,13.666666666666666,727,1.0,5,5,5,15,555,High Value,2
CUST00110,16,1,3055.800048828125,3055.800048828125,12,12.0,0,1.0,5,4,5,14,545,High Value,1
CUST02918,40,2,3065.369873046875,1532.6849365234375,15,7.5,178,1.0,5,5,5,15,555,High Value,2
CUST01251,539,1,3070.64990234375,3070.64990234375,11,11.0,0,1.0,3,3,5,11,335,Medium Value,1
CUST02283,798,1,3071.199951171875,3071.199951171875,11,11.0,0,1.0,2,2,5,9,225,Medium Value,1
CUST02679,195,1,3079.080078125,3079.080078125,12,12.0,0,1.0,4,4,5,13,445,High Value,1
CUST02674,643,1,3094.35009765625,3094.35009765625,15,15.0,0,1.0,2,2,5,9,225,Medium Value,1
CUST01272,748,1,3109.47998046875,3109.47998046875,11,11.0,0,1.0,2,2,5,9,225,Medium Value,1
CUST00749,214,1,3122.570068359375,3122.570068359375,11,11.0,0,1.0,4,4,5,13,445,High Value,1
CUST02562,678,1,3123.60009765625,3123.60009765625,12,12.0,0,1.0,2,2,5,9,225,Medium Value,1
CUST00719,36,3,3132.010009765625,1044.0033365885417,24,8.0,873,1.0,5,5,5,15,555,High Value,2
CUST02456,324,2,3138.4501037597656,1569.2250518798828,23,11.5,616,1.0,4,5,5,14,455,High Value,2
CUST00570,1061,1,3140.47998046875,3140.47998046875,14,14.0,0,1.0,1,1,5,7,115,Low Value,1
CUST00439,372,1,3149.739990234375,3149.739990234375,11,11.0,0,1.0,4,3,5,12,435,Medium Value,1
CUST01667,659,1,3156.0,3156.0,15,15.0,0,1.0,2,2,5,9,225,Medium Value,1
CUST02501,19,2,3164.599853515625,1582.2999267578125,19,9.5,753,1.0,5,5,5,15,555,High Value,2
CUST01597,286,2,3168.8899536132812,1584.4449768066406,14,7.0,251,1.0,4,5,5,14,455,High Value,2
CUST02624,304,1,3169.5,3169.5,15,15.0,0,1.0,4,3,5,12,435,Medium Value,1
CUST01988,455,4,3171.830093383789,792.9575233459473,30,7.5,499,1.0,3,5,5,13,355,High Value,2
CUST00099,706,1,3172.800048828125,3172.800048828125,15,15.0,0,1.0,2,2,5,9,225,Medium Value,1
CUST02293,752,1,3192.280029296875,3192.280029296875,14,14.0,0,1.0,2,2,5,9,225,Medium Value,1
CUST02364,377,1,3194.8798828125,3194.8798828125,13,13.0,0,1.0,4,3,5,12,435,Medium Value,1
CUST02723,76,1,3195.449951171875,3195.449951171875,15,15.0,0,1.0,5,4,5,14,545,High Value,1
CUST02019,513,2,3213.750015258789,1606.8750076293945,19,9.5,202,1.0,3,5,5,13,355,High Value,1
CUST01601,211,1,3225.31005859375,3225.31005859375,11,11.0,0,1.0,4,4,5,13,445,High Value,1
CUST02660,39,2,3232.399932861328,1616.199966430664,14,7.0,946,1.0,5,5,5,15,555,High Value,2
CUST01159,481,2,3237.7800903320312,1618.8900451660156,21,10.5,575,1.0,3,5,5,13,355,High Value,2
CUST00232,719,1,3239.179931640625,3239.179931640625,14,14.0,0,1.0,2,2,5,9,225,Medium Value,1
CUST02667,222,1,3241.97998046875,3241.97998046875,14,14.0,0,1.0,4,4,5,13,445,High Value,1
CUST01192,694,1,3248.300048828125,3248.300048828125,11,11.0,0,1.0,2,2,5,9,225,Medium Value,1
CUST02354,943,1,3255.070068359375,3255.070068359375,13,13.0,0,1.0,1,1,5,7,115,Low Value,1
CUST03244,632,2,3255.5200805664062,1627.7600402832031,16,8.0,426,1.0,2,5,5,12,255,Medium Value,2
CUST01439,896,1,3259.080078125,3259.080078125,11,11.0,0,1.0,1,1,5,7,115,Low Value,1
CUST00361,30,1,3262.219970703125,3262.219970703125,13,13.0,0,1.0,5,4,5,14,545,High Value,1
CUST01246,301,3,3269.369903564453,1089.7899678548176,33,11.0,637,1.0,4,5,5,14,455,High Value,2
CUST01308,183,2,3272.2899169921875,1636.1449584960938,14,7.0,814,1.0,4,5,5,14,455,High Value,2
CUST00565,203,2,3284.9199829101562,1642.4599914550781,15,7.5,588,1.0,4,5,5,14,455,High Value,2
CUST03039,112,3,3286.9401245117188,1095.646708170573,36,12.0,521,1.0,5,5,5,15,555,High Value,2
CUST00356,1050,2,3309.6500549316406,1654.8250274658203,14,7.0,33,1.0,1,5,5,11,155,Medium Value,0
CUST00302,99,3,3321.3499145507812,1107.1166381835938,15,5.0,255,1.0,5,5,5,15,555,High Value,2
CUST02607,1076,1,3330.860107421875,3330.860107421875,13,13.0,0,1.0,1,1,5,7,115,Low Value,1
CUST00516,99,3,3337.6600341796875,1112.5533447265625,25,8.333333333333334,735,1.0,5,5,5,15,555,High Value,2
CUST02205,312,2,3341.1600341796875,1670.5800170898438,18,9.0,332,1.0,4,5,5,14,455,High Value,2
CUST01014,547,3,3343.5699462890625,1114.5233154296875,20,6.666666666666667,368,1.0,3,5,5,13,355,High Value,2
CUST01297,796,2,3356.3800048828125,1678.1900024414062,14,7.0,15,1.0,2,5,5,12,255,Medium Value,0
CUST03226,217,1,3356.780029296875,3356.780029296875,14,14.0,0,1.0,4,4,5,13,445,High Value,1
CUST00436,143,1,3359.0400390625,3359.0400390625,12,12.0,0,1.0,5,4,5,14,545,High Value,1
CUST00460,512,2,3365.0498962402344,1682.5249481201172,23,11.5,454,1.0,3,5,5,13,355,High Value,2
CUST00765,442,2,3366.300048828125,1683.1500244140625,17,8.5,37,1.0,3,5,5,13,355,High Value,1
CUST02970,821,1,3368.0400390625,3368.0400390625,13,13.0,0,1.0,2,2,5,9,225,Medium Value,1
CUST02742,987,1,3386.0400390625,3386.0400390625,14,14.0,0,1.0,1,1,5,7,115,Low Value,1
CUST00262,395,2,3388.2199096679688,1694.1099548339844,13,6.5,340,1.0,3,5,5,13,355,High Value,2
CUST02032,871,1,3399.6298828125,3399.6298828125,13,13.0,0,1.0,1,1,5,7,115,Low Value,1
CUST01446,807,1,3408.340087890625,3408.340087890625,13,13.0,0,1.0,2,2,5,9,225,Medium Value,1
CUST01199,116,2,3409.2099609375,1704.60498046875,14,7.0,567,1.0,5,5,5,15,555,High Value,2
CUST01067,61,2,3409.9799194335938,1704.9899597167969,18,9.0,547,1.0,5,5,5,15,555,High Value,2
CUST00259,190,1,3420.9599609375,3420.9599609375,12,12.0,0,1.0,4,4,5,13,445,High Value,1
CUST02357,351,2,3428.1199951171875,1714.0599975585938,13,6.5,574,1.0,4,5,5,14,455,High Value,2
CUST03110,609,1,3434.159912109375,3434.159912109375,12,12.0,0,1.0,2,2,5,9,225,Medium Value,1
CUST01143,1094,1,3437.85009765625,3437.85009765625,13,13.0,0,1.0,1,1,5,7,115,Low Value,1
CUST00192,809,1,3438.110107421875,3438.110107421875,13,13.0,0,1.0,2,2,5,9,225,Medium Value,1
CUST01047,386,1,3444.0,3444.0,12,12.0,0,1.0,3,3,5,11,335,Medium Value,1
CUST03149,129,3,3446.8500366210938,1148.9500122070312,26,8.666666666666666,946,1.0,5,5,5,15,555,High Value,2
CUST02629,224,2,3451.4100341796875,1725.7050170898438,29,14.5,631,1.0,4,5,5,14,455,High Value,2
CUST02280,752,1,3461.1201171875,3461.1201171875,13,13.0,0,1.0,2,2,5,9,225,Medium Value,1
CUST00923,212,2,3475.5098876953125,1737.7549438476562,20,10.0,640,1.0,4,5,5,14,455,High Value,2
CUST03012,164,3,3480.3299560546875,1160.1099853515625,27,9.0,699,1.0,5,5,5,15,555,High Value,2
CUST00766,609,2,3484.8798828125,1742.43994140625,19,9.5,380,1.0,2,5,5,12,255,Medium Value,2
CUST00863,109,2,3485.1599731445312,1742.5799865722656,20,10.0,625,1.0,5,5,5,15,555,High Value,2
CUST02150,92,1,3490.3701171875,3490.3701171875,13,13.0,0,1.0,5,4,5,14,545,High Value,1
CUST00257,632,1,3496.56005859375,3496.56005859375,12,12.0,0,1.0,2,2,5,9,225,Medium Value,1
CUST00411,656,2,3500.9600219726562,1750.4800109863281,21,10.5,386,1.0,2,5,5,12,255,Medium Value,1
CUST02938,82,2,3501.1099853515625,1750.5549926757812,17,8.5,842,1.0,5,5,5,15,555,High Value,2
CUST00857,430,2,3509.9300537109375,1754.9650268554688,17,8.5,344,1.0,3,5,5,13,355,High Value,2
CUST00065,124,1,3515.159912109375,3515.159912109375,12,12.0,0,1.0,5,4,5,14,545,High Value,1
CUST01024,221,2,3522.0,1761.0,16,8.0,448,1.0,4,5,5,14,455,High Value,2
CUST00915,318,1,3525.1201171875,3525.1201171875,12,12.0,0,1.0,4,3,5,12,435,Medium Value,1
CUST02070,120,1,3528.9599609375,3528.9599609375,12,12.0,0,1.0,5,4,5,14,545,High Value,1
CUST00889,454,2,3543.2799682617188,1771.6399841308594,20,10.0,147,1.0,3,5,5,13,355,High Value,1
CUST02633,766,1,3551.760009765625,3551.760009765625,12,12.0,0,1.0,2,2,5,9,225,Medium Value,1
CUST00762,589,1,3556.64990234375,3556.64990234375,15,15.0,0,1.0,3,2,5,10,325,Medium Value,1
CUST01735,488,2,3560.6399688720703,1780.3199844360352,14,7.0,7,1.0,3,5,5,13,355,High Value,0
CUST02506,51,1,3594.919921875,3594.919921875,14,14.0,0,1.0,5,4,5,14,545,High Value,1
CUST01010,368,1,3596.52001953125,3596.52001953125,12,12.0,0,1.0,4,3,5,12,435,Medium Value,1
CUST03157,211,4,3602.1100463867188,900.5275115966797,21,5.25,873,1.0,4,5,5,14,455,High Value,2
CUST02224,1088,1,3602.699951171875,3602.699951171875,15,15.0,0,1.0,1,1,5,7,115,Low Value,1
CUST01694,832,1,3610.22998046875,3610.22998046875,13,13.0,0,1.0,2,2,5,9,225,Medium Value,1
CUST01680,59,2,3611.7801513671875,1805.8900756835938,18,9.0,736,1.0,5,5,5,15,555,High Value,2
CUST01727,371,4,3617.239990234375,904.3099975585938,21,5.25,433,1.0,4,5,5,14,455,High Value,2
CUST02246,68,1,3621.75,3621.75,15,15.0,0,1.0,5,4,5,14,545,High Value,1
CUST02332,414,2,3629.2300415039062,1814.6150207519531,28,14.0,218,1.0,3,5,5,13,355,High Value,1
CUST01776,42,2,3629.7598876953125,1814.8799438476562,18,9.0,30,1.0,5,5,5,15,555,High Value,2
CUST01642,144,2,3632.830078125,1816.4150390625,23,11.5,717,1.0,5,5,5,15,555,High Value,2
CUST02842,480,2,3633.1499633789062,1816.5749816894531,19,9.5,101,1.0,3,5,5,13,355,High Value,1
CUST02341,116,1,3651.570068359375,3651.570068359375,13,13.0,0,1.0,5,4,5,14,545,High Value,1
CUST01410,401,3,3657.239990234375,1219.0799967447917,34,11.333333333333334,470,1.0,3,5,5,13,355,High Value,2
CUST00522,172,2,3658.52001953125,1829.260009765625,17,8.5,392,1.0,4,5,5,14,455,High Value,2
CUST02516,308,2,3669.5999755859375,1834.7999877929688,24,12.0,510,1.0,4,5,5,14,455,High Value,2
CUST01731,456,1,3671.39990234375,3671.39990234375,15,15.0,0,1.0,3,3,5,11,335,Medium Value,1
CUST02353,300,1,3681.159912109375,3681.159912109375,14,14.0,0,1.0,4,3,5,12,435,Medium Value,1
CUST02021,404,1,3682.840087890625,3682.840087890625,14,14.0,0,1.0,3,3,5,11,335,Medium Value,1
CUST01017,178,1,3693.89990234375,3693.89990234375,14,14.0,0,1.0,4,4,5,13,445,High Value,1
CUST02091,676,1,3696.14990234375,3696.14990234375,15,15.0,0,1.0,2,2,5,9,225,Medium Value,1
CUST03146,388,2,3697.2601318359375,1848.6300659179688,18,9.0,396,1.0,3,5,5,13,355,High Value,2
CUST03049,433,2,3703.6900634765625,1851.8450317382812,22,11.0,505,1.0,3,5,5,13,355,High Value,2
CUST00638,720,1,3713.360107421875,3713.360107421875,14,14.0,0,1.0,2,2,5,9,225,Medium Value,1
CUST01363,407,2,3715.1801147460938,1857.5900573730469,25,12.5,103,1.0,3,5,5,13,355,High Value,1
CUST02462,736,2,3726.0299682617188,1863.0149841308594,21,10.5,325,1.0,2,5,5,12,255,Medium Value,1
CUST00714,1078,1,3731.10009765625,3731.10009765625,15,15.0,0,1.0,1,1,5,7,115,Low Value,1
CUST02666,481,5,3740.53995513916,748.107991027832,28,5.6,605,1.0,3,5,5,13,355,High Value,2
CUST01825,270,2,3740.679931640625,1870.3399658203125,19,9.5,809,1.0,4,5,5,14,455,High Value,2
CUST01866,294,1,3741.0,3741.0,15,15.0,0,1.0,4,3,5,12,435,Medium Value,1
CUST02745,408,2,3743.8099365234375,1871.9049682617188,21,10.5,64,1.0,3,5,5,13,355,High Value,1
CUST00483,65,2,3743.9699096679688,1871.9849548339844,21,10.5,841,1.0,5,5,5,15,555,High Value,2
CUST02844,557,1,3746.860107421875,3746.860107421875,13,13.0,0,1.0,3,2,5,10,325,Medium Value,1
CUST00039,930,1,3755.919921875,3755.919921875,14,14.0,0,1.0,1,1,5,7,115,Low Value,1
CUST01897,353,2,3762.3701171875,1881.18505859375,19,9.5,292,1.0,4,5,5,14,455,High Value,2
CUST01529,35,3,3778.3301391601562,1259.443379720052,28,9.333333333333334,629,1.0,5,5,5,15,555,High Value,2
CUST00972,977,1,3783.260009765625,3783.260009765625,13,13.0,0,1.0,1,1,5,7,115,Low Value,1
CUST00316,911,1,3806.139892578125,3806.139892578125,13,13.0,0,1.0,1,1,5,7,115,Low Value,1
CUST03185,161,3,3807.72998046875,1269.2433268229167,36,12.0,828,1.0,5,5,5,15,555,High Value,2
CUST00164,656,2,3811.179931640625,1905.5899658203125,22,11.0,206,1.0,2,5,5,12,255,Medium Value,1
CUST02922,44,3,3824.1000366210938,1274.7000122070312,18,6.0,533,1.0,5,5,5,15,555,High Value,2
CUST01237,816,1,3840.449951171875,3840.449951171875,15,15.0,0,1.0,2,2,5,9,225,Medium Value,1
CUST01211,352,1,3849.949951171875,3849.949951171875,13,13.0,0,1.0,4,3,5,12,435,Medium Value,1
CUST02010,589,1,3862.199951171875,3862.199951171875,15,15.0,0,1.0,3,2,5,10,325,Medium Value,1
CUST00365,685,2,3864.449951171875,1932.2249755859375,24,12.0,365,1.0,2,5,5,12,255,Medium Value,1
CUST02191,909,1,3865.93994140625,3865.93994140625,13,13.0,0,1.0,1,1,5,7,115,Low Value,1
CUST01535,43,2,3871.919921875,1935.9599609375,15,7.5,639,1.0,5,5,5,15,555,High Value,2
CUST00321,429,1,3873.10009765625,3873.10009765625,14,14.0,0,1.0,3,3,5,11,335,Medium Value,1
CUST00733,407,1,3877.050048828125,3877.050048828125,15,15.0,0,1.0,3,3,5,11,335,Medium Value,1
CUST01459,1077,1,3903.89990234375,3903.89990234375,14,14.0,0,1.0,1,1,5,7,115,Low Value,1
CUST00962,532,2,3925.4901123046875,1962.7450561523438,29,14.5,399,1.0,3,5,5,13,355,High Value,1
CUST00916,192,3,3928.2098999023438,1309.403299967448,35,11.666666666666666,579,1.0,4,5,5,14,455,High Value,2
CUST02662,247,2,3930.6099853515625,1965.3049926757812,23,11.5,187,1.0,4,5,5,14,455,High Value,1
CUST01620,530,1,3934.840087890625,3934.840087890625,14,14.0,0,1.0,3,3,5,11,335,Medium Value,1
CUST02621,958,1,3937.5,3937.5,15,15.0,0,1.0,1,1,5,7,115,Low Value,1
CUST00705,743,1,3942.300048828125,3942.300048828125,15,15.0,0,1.0,2,2,5,9,225,Medium Value,1
CUST02725,500,1,3951.0,3951.0,15,15.0,0,1.0,3,3,5,11,335,Medium Value,1
CUST00359,238,2,3958.1199951171875,1979.0599975585938,20,10.0,375,1.0,4,5,5,14,455,High Value,2
CUST02758,331,1,3960.4599609375,3960.4599609375,14,14.0,0,1.0,4,3,5,12,435,Medium Value,1
CUST01698,423,2,4015.5301513671875,2007.7650756835938,21,10.5,545,1.0,3,5,5,13,355,High Value,2
CUST02658,1073,1,4022.760009765625,4022.760009765625,14,14.0,0,1.0,1,1,5,7,115,Low Value,1
CUST00429,148,3,4024.199905395508,1341.3999684651692,22,7.333333333333333,694,1.0,5,5,5,15,555,High Value,2
CUST02433,70,2,4062.199951171875,2031.0999755859375,21,10.5,782,1.0,5,5,5,15,555,High Value,2
CUST02016,47,2,4074.9898681640625,2037.4949340820312,17,8.5,795,1.0,5,5,5,15,555,High Value,2
CUST01006,1072,1,4089.0,4089.0,15,15.0,0,1.0,1,1,5,7,115,Low Value,1
CUST02643,1053,1,4098.4501953125,4098.4501953125,15,15.0,0,1.0,1,1,5,7,115,Low Value,1
CUST00536,430,3,4115.47998046875,1371.82666015625,26,8.666666666666666,583,1.0,3,5,5,13,355,High Value,2
CUST01468,892,1,4137.83984375,4137.83984375,14,14.0,0,1.0,1,1,5,7,115,Low Value,1
CUST00140,389,2,4139.619873046875,2069.8099365234375,19,9.5,12,1.0,3,5,5,13,355,High Value,1
CUST00782,111,2,4141.3099365234375,2070.6549682617188,18,9.0,701,1.0,5,5,5,15,555,High Value,2
CUST02349,342,3,4141.650096893311,1380.5500322977703,17,5.666666666666667,363,1.0,4,5,5,14,455,High Value,2
CUST02453,754,2,4150.100006103516,2075.050003051758,19,9.5,222,1.0,2,5,5,12,255,Medium Value,1
CUST01212,161,1,4160.7998046875,4160.7998046875,14,14.0,0,1.0,5,4,5,14,545,High Value,1
CUST00380,704,1,4162.6201171875,4162.6201171875,14,14.0,0,1.0,2,2,5,9,225,Medium Value,1
CUST02524,190,2,4166.780090332031,2083.3900451660156,26,13.0,752,1.0,4,5,5,14,455,High Value,2
CUST00883,794,1,4188.2998046875,4188.2998046875,15,15.0,0,1.0,2,2,5,9,225,Medium Value,1
CUST00228,171,3,4196.4400634765625,1398.8133544921875,28,9.333333333333334,807,1.0,4,5,5,14,455,High Value,2
CUST00947,103,1,4215.2998046875,4215.2998046875,15,15.0,0,1.0,5,4,5,14,545,High Value,1
CUST01895,334,1,4225.7998046875,4225.7998046875,15,15.0,0,1.0,4,3,5,12,435,Medium Value,1
CUST01765,569,1,4238.39990234375,4238.39990234375,15,15.0,0,1.0,3,2,5,10,325,Medium Value,1
CUST02083,716,2,4256.8399658203125,2128.4199829101562,20,10.0,323,1.0,2,5,5,12,255,Medium Value,1
CUST02927,307,3,4282.3199462890625,1427.4399820963542,25,8.333333333333334,92,1.0,4,5,5,14,455,High Value,2
CUST01828,537,2,4290.06005859375,2145.030029296875,21,10.5,496,1.0,3,5,5,13,355,High Value,2
CUST02896,568,1,4309.35009765625,4309.35009765625,15,15.0,0,1.0,3,3,5,11,335,Medium Value,1
CUST00868,216,2,4332.679992675781,2166.3399963378906,29,14.5,599,1.0,4,5,5,14,455,High Value,2
CUST00069,346,1,4342.0498046875,4342.0498046875,15,15.0,0,1.0,4,3,5,12,435,Medium Value,1
CUST02336,176,4,4343.4898681640625,1085.8724670410156,30,7.5,635,1.0,4,5,5,14,455,High Value,2
CUST00628,302,1,4354.7998046875,4354.7998046875,15,15.0,0,1.0,4,3,5,12,435,Medium Value,1
CUST00931,875,2,4362.75,2181.375,21,10.5,63,1.0,1,5,5,11,155,Medium Value,1
CUST01573,420,3,4370.079895019531,1456.6932983398438,22,7.333333333333333,167,1.0,3,5,5,13,355,High Value,2
CUST00753,66,4,4371.199989318848,1092.799997329712,36,9.0,963,1.0,5,5,5,15,555,High Value,2
CUST00165,412,2,4374.610076904297,2187.3050384521484,15,7.5,555,1.0,3,5,5,13,355,High Value,2
CUST03018,528,2,4407.9300537109375,2203.9650268554688,18,9.0,122,1.0,3,5,5,13,355,High Value,1
CUST02410,149,1,4410.2998046875,4410.2998046875,15,15.0,0,1.0,5,4,5,14,545,High Value,1
CUST03041,473,1,4439.39990234375,4439.39990234375,15,15.0,0,1.0,3,3,5,11,335,Medium Value,1
CUST03007,45,2,4466.610107421875,2233.3050537109375,21,10.5,995,1.0,5,5,5,15,555,High Value,2
CUST02779,449,2,4506.760009765625,2253.3800048828125,25,12.5,31,1.0,3,5,5,13,355,High Value,1
CUST00815,878,2,4514.960144042969,2257.4800720214844,16,8.0,200,1.0,1,5,5,11,155,Medium Value,1
CUST02164,56,2,4539.080078125,2269.5400390625,17,8.5,591,1.0,5,5,5,15,555,High Value,2
CUST01710,212,2,4568.25,2284.125,26,13.0,179,1.0,4,5,5,14,455,High Value,1
CUST02425,775,2,4595.0001220703125,2297.5000610351562,25,12.5,201,1.0,2,5,5,12,255,Medium Value,1
CUST02238,134,2,4600.739990234375,2300.3699951171875,20,10.0,129,1.0,5,5,5,15,555,High Value,2
CUST02440,252,2,4669.89990234375,2334.949951171875,23,11.5,737,1.0,4,5,5,14,455,High Value,2
CUST00535,762,2,4755.199951171875,2377.5999755859375,20,10.0,305,1.0,2,5,5,12,255,Medium Value,1
CUST02315,473,3,4769.4400634765625,1589.8133544921875,26,8.666666666666666,461,1.0,3,5,5,13,355,High Value,2
CUST02755,367,2,4774.650146484375,2387.3250732421875,30,15.0,416,1.0,4,5,5,14,455,High Value,2
CUST01008,213,3,4778.520080566406,1592.8400268554688,24,8.0,551,1.0,4,5,5,14,455,High Value,2
CUST00324,284,3,5003.330078125,1667.7766927083333,32,10.666666666666666,452,1.0,4,5,5,14,455,High Value,2
CUST00690,108,4,5003.9499168396,1250.9874792099,27,6.75,749,1.0,5,5,5,15,555,High Value,2
CUST01132,150,2,5034.47021484375,2517.235107421875,19,9.5,772,1.0,5,5,5,15,555,High Value,2
CUST01596,23,2,5090.31005859375,2545.155029296875,20,10.0,784,1.0,5,5,5,15,555,High Value,2
CUST01659,8,3,5138.819915771484,1712.9399719238281,28,9.333333333333334,707,1.0,5,5,5,15,555,High Value,2
CUST01721,24,2,5201.83984375,2600.919921875,26,13.0,1059,1.0,5,5,5,15,555,High Value,2
CUST01639,1004,2,5204.47998046875,2602.239990234375,28,14.0,28,1.0,1,5,5,11,155,Medium Value,1
CUST01886,22,3,5208.3800048828125,1736.1266682942708,30,10.0,1019,1.0,5,5,5,15,555,High Value,2
CUST03160,166,3,5280.660217285156,1760.2200724283855,27,9.0,796,1.0,5,5,5,15,555,High Value,2
CUST02345,163,2,5369.9100341796875,2684.9550170898438,20,10.0,526,1.0,5,5,5,15,555,High Value,2
CUST00556,18,3,5399.910095214844,1799.9700317382812,29,9.666666666666666,1014,1.0,5,5,5,15,555,High Value,2
CUST01634,575,4,5411.540008544922,1352.8850021362305,27,6.75,198,1.0,3,5,5,13,355,High Value,2
CUST00156,238,2,5421.5699462890625,2710.7849731445312,26,13.0,364,1.0,4,5,5,14,455,High Value,2
CUST01082,24,2,5477.199951171875,2738.5999755859375,25,12.5,1060,1.0,5,5,5,15,555,High Value,2
CUST02944,537,2,5478.7601318359375,2739.3800659179688,21,10.5,56,1.0,3,5,5,13,355,High Value,1
CUST02366,15,3,5514.3599853515625,1838.1199951171875,34,11.333333333333334,998,1.0,5,5,5,15,555,High Value,2
CUST03249,362,3,5550.760009765625,1850.2533365885417,31,10.333333333333334,484,1.0,4,5,5,14,455,High Value,2
CUST02878,477,2,5600.5499267578125,2800.2749633789062,30,15.0,143,1.0,3,5,5,13,355,High Value,1
CUST00340,8,4,5705.820068359375,1426.4550170898438,45,11.25,714,1.0,5,5,5,15,555,High Value,2
CUST02304,723,2,5706.460205078125,2853.2301025390625,26,13.0,89,1.0,2,5,5,12,255,Medium Value,1
CUST03057,629,3,5720.580078125,1906.8600260416667,30,10.0,451,1.0,2,5,5,12,255,Medium Value,2
CUST01968,93,3,5798.52001953125,1932.8400065104167,32,10.666666666666666,633,1.0,5,5,5,15,555,High Value,2
CUST02407,417,2,5910.940185546875,2955.4700927734375,25,12.5,72,1.0,3,5,5,13,355,High Value,1
CUST00006,254,3,5957.659912109375,1985.8866373697917,34,11.333333333333334,781,1.0,4,5,5,14,455,High Value,2
CUST01118,115,3,6005.869934082031,2001.9566446940105,25,8.333333333333334,829,1.0,5,5,5,15,555,High Value,2
CUST01970,313,3,6007.590087890625,2002.530029296875,29,9.666666666666666,706,1.0,4,5,5,14,455,High Value,2
CUST02492,232,3,6205.630065917969,2068.5433553059897,31,10.333333333333334,343,1.0,4,5,5,14,455,High Value,2
CUST01195,668,3,6314.2098388671875,2104.736612955729,32,10.666666666666666,421,1.0,2,5,5,12,255,Medium Value,2
CUST02677,122,3,6403.860107421875,2134.6200358072915,32,10.666666666666666,381,1.0,5,5,5,15,555,High Value,2
CUST00183,438,3,6422.5699462890625,2140.856648763021,35,11.666666666666666,252,1.0,3,5,5,13,355,High Value,2
CUST01993,258,3,6473.459869384766,2157.8199564615884,28,9.333333333333334,340,1.0,4,5,5,14,455,High Value,2
CUST02981,208,2,6501.380126953125,3250.6900634765625,27,13.5,596,1.0,4,5,5,14,455,High Value,2
CUST01140,276,2,6632.43994140625,3316.219970703125,26,13.0,434,1.0,4,5,5,14,455,High Value,2
CUST01162,187,4,6708.589866638184,1677.147466659546,29,7.25,772,1.0,4,5,5,14,455,High Value,2
CUST00526,16,4,7120.399963378906,1780.0999908447266,41,10.25,632,1.0,5,5,5,15,555,High Value,2
CUST02254,129,3,7202.9000244140625,2400.9666748046875,37,12.333333333333334,496,1.0,5,5,5,15,555,High Value,2
CUST02959,139,4,7262.329986572266,1815.5824966430664,37,9.25,564,1.0,5,5,5,15,555,High Value,2
CUST03142,97,3,7658.599914550781,2552.8666381835938,40,13.333333333333334,718,1.0,5,5,5,15,555,High Value,2
CUST01220,452,4,7805.650146484375,1951.4125366210938,38,9.5,103,1.0,3,5,5,13,355,High Value,2
CUST02362,113,4,7816.1500244140625,1954.0375061035156,39,9.75,542,1.0,5,5,5,15,555,High Value,2
CUST01565,52,4,9984.079833984375,2496.0199584960938,46,11.5,681,1.0,5,5,5,15,555,High Value,2
CUST01957,89,5,10062.959838867188,2012.5919677734375,43,8.6,901,1.0,5,5,5,15,555,High Value,2
CUST01673,251,4,11305.66015625,2826.4150390625,57,14.25,610,1.0,4,5,5,14,455,High Value,2
